"","Nest_Code","Day_of_trial","Daily_score","Predator","Treatment","Round_of_experiment","Start_date_of_trial","Site","GPS_coordinates","Number_of_trees_within_20m","Distance_to_path","Distance_to_building","Distance_to_edge_of_heath","Heath_degradation_Score","Removed_YN"
"10","10B",1,0,NA,"Control","R1","01/08/2019","S2","(50.7656778, -1.9587193)",0,63,650,112,3,"N"
"11","10B",2,0,NA,"Control","R1","01/08/2019","S2","(50.7656778, -1.9587193)",0,63,650,112,3,"N"
"12","10B",3,1,"Unidentified","Control","R1","01/08/2019","S2","(50.7656778, -1.9587193)",0,63,650,112,3,"N"
"13","10B",4,4,"Rodent","Control","R1","01/08/2019","S2","(50.7656778, -1.9587193)",0,63,650,112,3,"N"
"14","10B",5,0,NA,"Control","R1","01/08/2019","S2","(50.7656778, -1.9587193)",0,63,650,112,3,"N"
"15","10B",6,0,NA,"Control","R1","01/08/2019","S2","(50.7656778, -1.9587193)",0,63,650,112,3,"N"
"16","10B",7,0,NA,"Control","R1","01/08/2019","S2","(50.7656778, -1.9587193)",0,63,650,112,3,"N"
"17","10C",1,0,NA,"Control","R2","12/08/2019","S3","(50.7600038, -1.9571543)",0,13,680,655,0,"N"
"18","10C",2,4,"Rodent","Control","R2","12/08/2019","S3","(50.7600038, -1.9571543)",0,13,680,655,0,"N"
"19","10C",3,0,NA,"Control","R2","12/08/2019","S3","(50.7600038, -1.9571543)",0,13,680,655,0,"N"
"20","10C",4,2,"Rodent","Control","R2","12/08/2019","S3","(50.7600038, -1.9571543)",0,13,680,655,0,"N"
"21","10C",5,0,NA,"Control","R2","12/08/2019","S3","(50.7600038, -1.9571543)",0,13,680,655,0,"N"
"22","10C",6,0,NA,"Control","R2","12/08/2019","S3","(50.7600038, -1.9571543)",0,13,680,655,0,"N"
"23","10C",7,0,NA,"Control","R2","12/08/2019","S3","(50.7600038, -1.9571543)",0,13,680,655,0,"N"
"24","10D",1,0,NA,"Experimental","R3","25/08/2019","S6","(50.7581920, -1.9759297)",13,1,65,60,2,"N"
"25","10D",2,0,NA,"Experimental","R3","25/08/2019","S6","(50.7581920, -1.9759297)",13,1,65,60,2,"N"
"26","10D",3,0,NA,"Experimental","R3","25/08/2019","S6","(50.7581920, -1.9759297)",13,1,65,60,2,"N"
"27","10D",4,3,"Rodent","Experimental","R3","25/08/2019","S6","(50.7581920, -1.9759297)",13,1,65,60,2,"N"
"28","10D",5,3,"Rodent","Experimental","R3","25/08/2019","S6","(50.7581920, -1.9759297)",13,1,65,60,2,"N"
"29","10D",6,0,NA,"Experimental","R3","25/08/2019","S6","(50.7581920, -1.9759297)",13,1,65,60,2,"N"
"30","10D",7,0,NA,"Experimental","R3","25/08/2019","S6","(50.7581920, -1.9759297)",13,1,65,60,2,"N"
"33","11B",1,0,NA,"Experimental","R1","01/08/2019","S2","(50.7657082, -1.9581956)",25,24,620,120,2,"N"
"34","11B",2,0,NA,"Experimental","R1","01/08/2019","S2","(50.7657082, -1.9581956)",25,24,620,120,2,"N"
"35","11B",3,0,NA,"Experimental","R1","01/08/2019","S2","(50.7657082, -1.9581956)",25,24,620,120,2,"N"
"36","11B",4,0,NA,"Experimental","R1","01/08/2019","S2","(50.7657082, -1.9581956)",25,24,620,120,2,"N"
"37","11B",5,0,NA,"Experimental","R1","01/08/2019","S2","(50.7657082, -1.9581956)",25,24,620,120,2,"N"
"38","11B",6,0,NA,"Experimental","R1","01/08/2019","S2","(50.7657082, -1.9581956)",25,24,620,120,2,"N"
"39","11B",7,1,"Unidentified","Experimental","R1","01/08/2019","S2","(50.7657082, -1.9581956)",25,24,620,120,2,"N"
"40","11C",1,0,NA,"Control","R2","12/08/2019","S4","(50.7563904, -1.9467517)",0,14,300,205,1,"N"
"41","11C",2,4,"Rodent","Control","R2","12/08/2019","S4","(50.7563904, -1.9467517)",0,14,300,205,1,"N"
"42","11C",3,0,NA,"Control","R2","12/08/2019","S4","(50.7563904, -1.9467517)",0,14,300,205,1,"N"
"43","11C",4,0,NA,"Control","R2","12/08/2019","S4","(50.7563904, -1.9467517)",0,14,300,205,1,"N"
"44","11C",5,0,NA,"Control","R2","12/08/2019","S4","(50.7563904, -1.9467517)",0,14,300,205,1,"N"
"45","11C",6,0,NA,"Control","R2","12/08/2019","S4","(50.7563904, -1.9467517)",0,14,300,205,1,"N"
"46","11C",7,0,NA,"Control","R2","12/08/2019","S4","(50.7563904, -1.9467517)",0,14,300,205,1,"N"
"47","11D",1,0,NA,"Experimental","R3","25/08/2019","S2","(50.7654062, -1.9615326)",3,9,820,126,0,"N"
"48","11D",2,0,NA,"Experimental","R3","25/08/2019","S2","(50.7654062, -1.9615326)",3,9,820,126,0,"N"
"49","11D",3,0,NA,"Experimental","R3","25/08/2019","S2","(50.7654062, -1.9615326)",3,9,820,126,0,"N"
"50","11D",4,1,"Unidentified","Experimental","R3","25/08/2019","S2","(50.7654062, -1.9615326)",3,9,820,126,0,"N"
"51","11D",5,0,NA,"Experimental","R3","25/08/2019","S2","(50.7654062, -1.9615326)",3,9,820,126,0,"N"
"52","11D",6,0,NA,"Experimental","R3","25/08/2019","S2","(50.7654062, -1.9615326)",3,9,820,126,0,"N"
"53","11D",7,0,NA,"Experimental","R3","25/08/2019","S2","(50.7654062, -1.9615326)",3,9,820,126,0,"N"
"63","12B",1,3,"Rodent","Experimental","R1","01/08/2019","S2","(50.7652281, -1.9580957)",7,25,650,174,0,"N"
"64","12B",2,1,"Unidentified","Experimental","R1","01/08/2019","S2","(50.7652281, -1.9580957)",7,25,650,174,0,"N"
"65","12B",3,0,NA,"Experimental","R1","01/08/2019","S2","(50.7652281, -1.9580957)",7,25,650,174,0,"N"
"66","12B",4,0,NA,"Experimental","R1","01/08/2019","S2","(50.7652281, -1.9580957)",7,25,650,174,0,"N"
"67","12B",5,0,NA,"Experimental","R1","01/08/2019","S2","(50.7652281, -1.9580957)",7,25,650,174,0,"N"
"68","12B",6,0,NA,"Experimental","R1","01/08/2019","S2","(50.7652281, -1.9580957)",7,25,650,174,0,"N"
"69","12B",7,0,NA,"Experimental","R1","01/08/2019","S2","(50.7652281, -1.9580957)",7,25,650,174,0,"N"
"70","12C",1,4,"Rodent","Experimental","R2","12/08/2019","S4","(50.7562491, -1.9460573)",1,24,255,215,3,"N"
"71","12C",2,0,NA,"Experimental","R2","12/08/2019","S4","(50.7562491, -1.9460573)",1,24,255,215,3,"N"
"72","12C",3,0,NA,"Experimental","R2","12/08/2019","S4","(50.7562491, -1.9460573)",1,24,255,215,3,"N"
"73","12C",4,0,NA,"Experimental","R2","12/08/2019","S4","(50.7562491, -1.9460573)",1,24,255,215,3,"N"
"74","12C",5,0,NA,"Experimental","R2","12/08/2019","S4","(50.7562491, -1.9460573)",1,24,255,215,3,"N"
"75","12C",6,0,NA,"Experimental","R2","12/08/2019","S4","(50.7562491, -1.9460573)",1,24,255,215,3,"N"
"76","12C",7,0,NA,"Experimental","R2","12/08/2019","S4","(50.7562491, -1.9460573)",1,24,255,215,3,"N"
"77","12D",1,0,NA,"Control","R3","25/08/2019","S2","(50.7654187, -1.9610317)",8,4,790,112,0,"N"
"78","12D",2,2,"Rodent","Control","R3","25/08/2019","S2","(50.7654187, -1.9610317)",8,4,790,112,0,"N"
"79","12D",3,0,NA,"Control","R3","25/08/2019","S2","(50.7654187, -1.9610317)",8,4,790,112,0,"N"
"80","12D",4,0,NA,"Control","R3","25/08/2019","S2","(50.7654187, -1.9610317)",8,4,790,112,0,"N"
"81","12D",5,0,NA,"Control","R3","25/08/2019","S2","(50.7654187, -1.9610317)",8,4,790,112,0,"N"
"82","12D",6,0,NA,"Control","R3","25/08/2019","S2","(50.7654187, -1.9610317)",8,4,790,112,0,"N"
"83","12D",7,0,NA,"Control","R3","25/08/2019","S2","(50.7654187, -1.9610317)",8,4,790,112,0,"N"
"84","13B",1,2,"Rodent","Experimental","R1","01/08/2019","S2","(50.7651560, -1.9584789)",7,53,680,174,1,"N"
"85","13B",2,NA,"Large_Mammal/Bird","Experimental","R1","01/08/2019","S2","(50.7651560, -1.9584789)",7,53,680,174,1,"Y"
"86","13C",1,2,"Rodent","Experimental","R2","12/08/2019","S4","(50.7558534, -1.9458015)",2,56,214,115,4,"N"
"87","13C",2,0,NA,"Experimental","R2","12/08/2019","S4","(50.7558534, -1.9458015)",2,56,214,115,4,"N"
"88","13C",3,4,"Rodent","Experimental","R2","12/08/2019","S4","(50.7558534, -1.9458015)",2,56,214,115,4,"N"
"89","13C",4,0,NA,"Experimental","R2","12/08/2019","S4","(50.7558534, -1.9458015)",2,56,214,115,4,"N"
"90","13C",5,4,"Rodent","Experimental","R2","12/08/2019","S4","(50.7558534, -1.9458015)",2,56,214,115,4,"N"
"91","13C",6,3,"Rodent","Experimental","R2","12/08/2019","S4","(50.7558534, -1.9458015)",2,56,214,115,4,"N"
"92","13C",7,0,NA,"Experimental","R2","12/08/2019","S4","(50.7558534, -1.9458015)",2,56,214,115,4,"N"
"93","13D",1,0,NA,"Experimental","R3","25/08/2019","S2","(50.7654227, -1.9600242)",5,26,735,105,0,"N"
"94","13D",2,0,NA,"Experimental","R3","25/08/2019","S2","(50.7654227, -1.9600242)",5,26,735,105,0,"N"
"95","13D",3,2,"Rodent","Experimental","R3","25/08/2019","S2","(50.7654227, -1.9600242)",5,26,735,105,0,"N"
"96","13D",4,0,NA,"Experimental","R3","25/08/2019","S2","(50.7654227, -1.9600242)",5,26,735,105,0,"N"
"97","13D",5,0,NA,"Experimental","R3","25/08/2019","S2","(50.7654227, -1.9600242)",5,26,735,105,0,"N"
"98","13D",6,0,NA,"Experimental","R3","25/08/2019","S2","(50.7654227, -1.9600242)",5,26,735,105,0,"N"
"99","13D",7,0,NA,"Experimental","R3","25/08/2019","S2","(50.7654227, -1.9600242)",5,26,735,105,0,"N"
"100","14B",1,1,"Unidentified","Control","R1","01/08/2019","S2","(50.7648067, -1.9582728)",20,42,700,216,0,"N"
"101","14B",2,0,NA,"Control","R1","01/08/2019","S2","(50.7648067, -1.9582728)",20,42,700,216,0,"N"
"102","14B",3,0,NA,"Control","R1","01/08/2019","S2","(50.7648067, -1.9582728)",20,42,700,216,0,"N"
"103","14B",4,0,NA,"Control","R1","01/08/2019","S2","(50.7648067, -1.9582728)",20,42,700,216,0,"N"
"104","14B",5,0,NA,"Control","R1","01/08/2019","S2","(50.7648067, -1.9582728)",20,42,700,216,0,"N"
"105","14B",6,0,NA,"Control","R1","01/08/2019","S2","(50.7648067, -1.9582728)",20,42,700,216,0,"N"
"106","14B",7,0,NA,"Control","R1","01/08/2019","S2","(50.7648067, -1.9582728)",20,42,700,216,0,"N"
"107","14C",1,4,"Rodent","Experimental","R2","12/08/2019","S4","(50.7555322, -1.9463832)",3,6,235,120,4,"N"
"108","14C",2,4,"Rodent","Experimental","R2","12/08/2019","S4","(50.7555322, -1.9463832)",3,6,235,120,4,"N"
"109","14C",3,0,NA,"Experimental","R2","12/08/2019","S4","(50.7555322, -1.9463832)",3,6,235,120,4,"N"
"110","14C",4,0,NA,"Experimental","R2","12/08/2019","S4","(50.7555322, -1.9463832)",3,6,235,120,4,"N"
"111","14C",5,0,NA,"Experimental","R2","12/08/2019","S4","(50.7555322, -1.9463832)",3,6,235,120,4,"N"
"112","14C",6,3,"Rodent","Experimental","R2","12/08/2019","S4","(50.7555322, -1.9463832)",3,6,235,120,4,"N"
"113","14C",7,0,NA,"Experimental","R2","12/08/2019","S4","(50.7555322, -1.9463832)",3,6,235,120,4,"N"
"114","14D",1,0,NA,"Experimental","R3","25/08/2019","S2","(50.7650489, -1.9597983)",4,63,750,150,0,"N"
"115","14D",2,1,"Unidentified","Experimental","R3","25/08/2019","S2","(50.7650489, -1.9597983)",4,63,750,150,0,"N"
"116","14D",3,0,NA,"Experimental","R3","25/08/2019","S2","(50.7650489, -1.9597983)",4,63,750,150,0,"N"
"117","14D",4,0,NA,"Experimental","R3","25/08/2019","S2","(50.7650489, -1.9597983)",4,63,750,150,0,"N"
"118","14D",5,0,NA,"Experimental","R3","25/08/2019","S2","(50.7650489, -1.9597983)",4,63,750,150,0,"N"
"119","14D",6,0,NA,"Experimental","R3","25/08/2019","S2","(50.7650489, -1.9597983)",4,63,750,150,0,"N"
"120","14D",7,0,NA,"Experimental","R3","25/08/2019","S2","(50.7650489, -1.9597983)",4,63,750,150,0,"N"
"121","15B",1,2,"Rodent","Control","R1","01/08/2019","S2","(50.7645736, -1.9590680)",5,102,755,218,0,"N"
"122","15B",2,1,"Unidentified","Control","R1","01/08/2019","S2","(50.7645736, -1.9590680)",5,102,755,218,0,"N"
"123","15B",3,2,"Rodent","Control","R1","01/08/2019","S2","(50.7645736, -1.9590680)",5,102,755,218,0,"N"
"124","15B",4,0,NA,"Control","R1","01/08/2019","S2","(50.7645736, -1.9590680)",5,102,755,218,0,"N"
"125","15B",5,4,"Rodent","Control","R1","01/08/2019","S2","(50.7645736, -1.9590680)",5,102,755,218,0,"N"
"126","15B",6,0,NA,"Control","R1","01/08/2019","S2","(50.7645736, -1.9590680)",5,102,755,218,0,"N"
"127","15B",7,0,NA,"Control","R1","01/08/2019","S2","(50.7645736, -1.9590680)",5,102,755,218,0,"N"
"128","15C",1,4,"Rodent","Control","R2","12/08/2019","S4","(50.7555159, -1.9453864)",9,29,170,68,4,"N"
"129","15C",2,0,NA,"Control","R2","12/08/2019","S4","(50.7555159, -1.9453864)",9,29,170,68,4,"N"
"130","15C",3,0,NA,"Control","R2","12/08/2019","S4","(50.7555159, -1.9453864)",9,29,170,68,4,"N"
"131","15C",4,0,NA,"Control","R2","12/08/2019","S4","(50.7555159, -1.9453864)",9,29,170,68,4,"N"
"132","15C",5,0,NA,"Control","R2","12/08/2019","S4","(50.7555159, -1.9453864)",9,29,170,68,4,"N"
"133","15C",6,0,NA,"Control","R2","12/08/2019","S4","(50.7555159, -1.9453864)",9,29,170,68,4,"N"
"134","15C",7,2,"Rodent","Control","R2","12/08/2019","S4","(50.7555159, -1.9453864)",9,29,170,68,4,"N"
"135","15D",1,2,"Rodent","Experimental","R3","25/08/2019","S2","(50.7646254, -1.9601858)",15,109,805,195,0,"N"
"136","15D",2,0,NA,"Experimental","R3","25/08/2019","S2","(50.7646254, -1.9601858)",15,109,805,195,0,"N"
"137","15D",3,0,NA,"Experimental","R3","25/08/2019","S2","(50.7646254, -1.9601858)",15,109,805,195,0,"N"
"138","15D",4,2,"Unidentified","Experimental","R3","25/08/2019","S2","(50.7646254, -1.9601858)",15,109,805,195,0,"N"
"139","15D",5,0,NA,"Experimental","R3","25/08/2019","S2","(50.7646254, -1.9601858)",15,109,805,195,0,"N"
"140","15D",6,2,"Unidentified","Experimental","R3","25/08/2019","S2","(50.7646254, -1.9601858)",15,109,805,195,0,"N"
"141","15D",7,0,NA,"Experimental","R3","25/08/2019","S2","(50.7646254, -1.9601858)",15,109,805,195,0,"N"
"142","16B",1,4,"Rodent","Control","R1","01/08/2019","S2","(50.7645541, -1.9604386)",3,105,825,201,1,"N"
"143","16B",2,0,NA,"Control","R1","01/08/2019","S2","(50.7645541, -1.9604386)",3,105,825,201,1,"N"
"144","16B",3,0,NA,"Control","R1","01/08/2019","S2","(50.7645541, -1.9604386)",3,105,825,201,1,"N"
"145","16B",4,0,NA,"Control","R1","01/08/2019","S2","(50.7645541, -1.9604386)",3,105,825,201,1,"N"
"146","16B",5,NA,"Large_Mammal/Bird","Control","R1","01/08/2019","S2","(50.7645541, -1.9604386)",3,105,825,201,1,"Y"
"147","16C",1,0,NA,"Control","R2","12/08/2019","S4","(50.7558094, -1.9471238)",0,9,295,185,3,"N"
"148","16C",2,3,"Rodent","Control","R2","12/08/2019","S4","(50.7558094, -1.9471238)",0,9,295,185,3,"N"
"149","16C",3,0,NA,"Control","R2","12/08/2019","S4","(50.7558094, -1.9471238)",0,9,295,185,3,"N"
"150","16C",4,3,"Rodent","Control","R2","12/08/2019","S4","(50.7558094, -1.9471238)",0,9,295,185,3,"N"
"151","16C",5,2,"Rodent","Control","R2","12/08/2019","S4","(50.7558094, -1.9471238)",0,9,295,185,3,"N"
"152","16C",6,0,NA,"Control","R2","12/08/2019","S4","(50.7558094, -1.9471238)",0,9,295,185,3,"N"
"153","16C",7,1,"Unidentified","Control","R2","12/08/2019","S4","(50.7558094, -1.9471238)",0,9,295,185,3,"N"
"154","16D",1,0,NA,"Control","R3","25/08/2019","S2","(50.7646373, -1.9610649)",10,47,850,200,0,"N"
"155","16D",2,0,NA,"Control","R3","25/08/2019","S2","(50.7646373, -1.9610649)",10,47,850,200,0,"N"
"156","16D",3,1,"Unidentified","Control","R3","25/08/2019","S2","(50.7646373, -1.9610649)",10,47,850,200,0,"N"
"157","16D",4,0,NA,"Control","R3","25/08/2019","S2","(50.7646373, -1.9610649)",10,47,850,200,0,"N"
"158","16D",5,0,NA,"Control","R3","25/08/2019","S2","(50.7646373, -1.9610649)",10,47,850,200,0,"N"
"159","16D",6,0,NA,"Control","R3","25/08/2019","S2","(50.7646373, -1.9610649)",10,47,850,200,0,"N"
"160","16D",7,0,NA,"Control","R3","25/08/2019","S2","(50.7646373, -1.9610649)",10,47,850,200,0,"N"
"161","17B",1,4,"Rodent","Experimental","R1","01/08/2019","S2","(50.7646069, -1.9607494)",4,93,840,195,1,"N"
"162","17B",2,0,NA,"Experimental","R1","01/08/2019","S2","(50.7646069, -1.9607494)",4,93,840,195,1,"N"
"163","17B",3,0,NA,"Experimental","R1","01/08/2019","S2","(50.7646069, -1.9607494)",4,93,840,195,1,"N"
"164","17B",4,0,NA,"Experimental","R1","01/08/2019","S2","(50.7646069, -1.9607494)",4,93,840,195,1,"N"
"165","17B",5,NA,"Large_Mammal/Bird","Experimental","R1","01/08/2019","S2","(50.7646069, -1.9607494)",4,93,840,195,1,"Y"
"166","17C",1,0,NA,"Experimental","R2","12/08/2019","S4","(50.7563410, -1.9454907)",1,9,230,175,0,"N"
"167","17C",2,3,"Rodent","Experimental","R2","12/08/2019","S4","(50.7563410, -1.9454907)",1,9,230,175,0,"N"
"168","17C",3,4,"Rodent","Experimental","R2","12/08/2019","S4","(50.7563410, -1.9454907)",1,9,230,175,0,"N"
"169","17C",4,0,NA,"Experimental","R2","12/08/2019","S4","(50.7563410, -1.9454907)",1,9,230,175,0,"N"
"170","17C",5,2,"Rodent","Experimental","R2","12/08/2019","S4","(50.7563410, -1.9454907)",1,9,230,175,0,"N"
"171","17C",6,0,NA,"Experimental","R2","12/08/2019","S4","(50.7563410, -1.9454907)",1,9,230,175,0,"N"
"172","17C",7,0,NA,"Experimental","R2","12/08/2019","S4","(50.7563410, -1.9454907)",1,9,230,175,0,"N"
"173","17D",1,2,"Rodent","Experimental","R3","25/08/2019","S2","(50.7648896, -1.9619286)",2,38,860,188,0,"N"
"174","17D",2,0,NA,"Experimental","R3","25/08/2019","S2","(50.7648896, -1.9619286)",2,38,860,188,0,"N"
"175","17D",3,0,NA,"Experimental","R3","25/08/2019","S2","(50.7648896, -1.9619286)",2,38,860,188,0,"N"
"176","17D",4,0,NA,"Experimental","R3","25/08/2019","S2","(50.7648896, -1.9619286)",2,38,860,188,0,"N"
"177","17D",5,0,NA,"Experimental","R3","25/08/2019","S2","(50.7648896, -1.9619286)",2,38,860,188,0,"N"
"178","17D",6,0,NA,"Experimental","R3","25/08/2019","S2","(50.7648896, -1.9619286)",2,38,860,188,0,"N"
"179","17D",7,0,NA,"Experimental","R3","25/08/2019","S2","(50.7648896, -1.9619286)",2,38,860,188,0,"N"
"180","18B",1,3,"Rodent","Control","R1","01/08/2019","S2","(50.7643987, -1.9609486)",6,101,860,222,1,"N"
"181","18B",2,1,"Unidentified","Control","R1","01/08/2019","S2","(50.7643987, -1.9609486)",6,101,860,222,1,"N"
"182","18B",3,NA,"Large_Mammal/Bird","Control","R1","01/08/2019","S2","(50.7643987, -1.9609486)",6,101,860,222,1,"Y"
"183","18C",1,3,"Rodent","Experimental","R2","12/08/2019","S4","(50.7563847, -1.9439464)",20,14,180,74,3,"N"
"184","18C",2,0,NA,"Experimental","R2","12/08/2019","S4","(50.7563847, -1.9439464)",20,14,180,74,3,"N"
"185","18C",3,0,NA,"Experimental","R2","12/08/2019","S4","(50.7563847, -1.9439464)",20,14,180,74,3,"N"
"186","18C",4,2,"Rodent","Experimental","R2","12/08/2019","S4","(50.7563847, -1.9439464)",20,14,180,74,3,"N"
"187","18C",5,2,"Rodent","Experimental","R2","12/08/2019","S4","(50.7563847, -1.9439464)",20,14,180,74,3,"N"
"188","18C",6,0,NA,"Experimental","R2","12/08/2019","S4","(50.7563847, -1.9439464)",20,14,180,74,3,"N"
"189","18C",7,0,NA,"Experimental","R2","12/08/2019","S4","(50.7563847, -1.9439464)",20,14,180,74,3,"N"
"190","18D",1,4,"Rodent","Control","R3","25/08/2019","S2","(50.7650497, -1.9623742)",3,21,825,183,3,"N"
"191","18D",2,0,NA,"Control","R3","25/08/2019","S2","(50.7650497, -1.9623742)",3,21,825,183,3,"N"
"192","18D",3,3,"Rodent","Control","R3","25/08/2019","S2","(50.7650497, -1.9623742)",3,21,825,183,3,"N"
"193","18D",4,0,NA,"Control","R3","25/08/2019","S2","(50.7650497, -1.9623742)",3,21,825,183,3,"N"
"194","18D",5,0,NA,"Control","R3","25/08/2019","S2","(50.7650497, -1.9623742)",3,21,825,183,3,"N"
"195","18D",6,0,NA,"Control","R3","25/08/2019","S2","(50.7650497, -1.9623742)",3,21,825,183,3,"N"
"196","18D",7,0,NA,"Control","R3","25/08/2019","S2","(50.7650497, -1.9623742)",3,21,825,183,3,"N"
"197","19B",1,0,NA,"Experimental","R1","01/08/2019","S2","(50.7641834, -1.9610696)",0,118,890,245,0,"N"
"198","19B",2,3,"Rodent","Experimental","R1","01/08/2019","S2","(50.7641834, -1.9610696)",0,118,890,245,0,"N"
"199","19B",3,4,"Rodent","Experimental","R1","01/08/2019","S2","(50.7641834, -1.9610696)",0,118,890,245,0,"N"
"200","19B",4,0,NA,"Experimental","R1","01/08/2019","S2","(50.7641834, -1.9610696)",0,118,890,245,0,"N"
"201","19B",5,0,NA,"Experimental","R1","01/08/2019","S2","(50.7641834, -1.9610696)",0,118,890,245,0,"N"
"202","19B",6,0,NA,"Experimental","R1","01/08/2019","S2","(50.7641834, -1.9610696)",0,118,890,245,0,"N"
"203","19B",7,0,NA,"Experimental","R1","01/08/2019","S2","(50.7641834, -1.9610696)",0,118,890,245,0,"N"
"204","19C",1,0,NA,"Control","R2","12/08/2019","S4","(50.7566748, -1.9449838)",0,22,240,160,0,"N"
"205","19C",2,0,NA,"Control","R2","12/08/2019","S4","(50.7566748, -1.9449838)",0,22,240,160,0,"N"
"206","19C",3,0,NA,"Control","R2","12/08/2019","S4","(50.7566748, -1.9449838)",0,22,240,160,0,"N"
"207","19C",4,3,"Rodent","Control","R2","12/08/2019","S4","(50.7566748, -1.9449838)",0,22,240,160,0,"N"
"208","19C",5,0,NA,"Control","R2","12/08/2019","S4","(50.7566748, -1.9449838)",0,22,240,160,0,"N"
"209","19C",6,3,"Rodent","Control","R2","12/08/2019","S4","(50.7566748, -1.9449838)",0,22,240,160,0,"N"
"210","19C",7,0,NA,"Control","R2","12/08/2019","S4","(50.7566748, -1.9449838)",0,22,240,160,0,"N"
"211","19D",1,0,NA,"Control","R3","25/08/2019","S2","(50.7656967, -1.9633069)",1,10,735,145,0,"N"
"212","19D",2,2,"Rodent","Control","R3","25/08/2019","S2","(50.7656967, -1.9633069)",1,10,735,145,0,"N"
"213","19D",3,1,"Unidentified","Control","R3","25/08/2019","S2","(50.7656967, -1.9633069)",1,10,735,145,0,"N"
"214","19D",4,0,NA,"Control","R3","25/08/2019","S2","(50.7656967, -1.9633069)",1,10,735,145,0,"N"
"215","19D",5,0,NA,"Control","R3","25/08/2019","S2","(50.7656967, -1.9633069)",1,10,735,145,0,"N"
"216","19D",6,3,"Rodent","Control","R3","25/08/2019","S2","(50.7656967, -1.9633069)",1,10,735,145,0,"N"
"217","19D",7,0,NA,"Control","R3","25/08/2019","S2","(50.7656967, -1.9633069)",1,10,735,145,0,"N"
"227","1B",1,NA,"Large_Mammal/Bird","Control","R1","01/08/2019","S2","(50.7655493, -1.9615974)",1,18,815,112,0,"Y"
"228","1C",1,1,"Unidentified","Experimental","R2","12/08/2019","S3","(50.7599368, -1.9577843)",5,5,630,630,0,"N"
"229","1C",2,0,NA,"Experimental","R2","12/08/2019","S3","(50.7599368, -1.9577843)",5,5,630,630,0,"N"
"230","1C",3,0,NA,"Experimental","R2","12/08/2019","S3","(50.7599368, -1.9577843)",5,5,630,630,0,"N"
"231","1C",4,1,"Unidentified","Experimental","R2","12/08/2019","S3","(50.7599368, -1.9577843)",5,5,630,630,0,"N"
"232","1C",5,0,NA,"Experimental","R2","12/08/2019","S3","(50.7599368, -1.9577843)",5,5,630,630,0,"N"
"233","1C",6,2,"Rodent","Experimental","R2","12/08/2019","S3","(50.7599368, -1.9577843)",5,5,630,630,0,"N"
"234","1C",7,0,NA,"Experimental","R2","12/08/2019","S3","(50.7599368, -1.9577843)",5,5,630,630,0,"N"
"235","1D",1,NA,"Large_Mammal/Bird","Control","R3","25/08/2019","S6","(50.7579756, -1.9754241)",1,15,30,23,0,"Y"
"236","20B",1,1,"Unidentified","Experimental","R1","01/08/2019","S2","(50.7638982, -1.9613945)",0,99,920,282,0,"N"
"237","20B",2,0,NA,"Experimental","R1","01/08/2019","S2","(50.7638982, -1.9613945)",0,99,920,282,0,"N"
"238","20B",3,0,NA,"Experimental","R1","01/08/2019","S2","(50.7638982, -1.9613945)",0,99,920,282,0,"N"
"239","20B",4,NA,"Large_Mammal/Bird","Experimental","R1","01/08/2019","S2","(50.7638982, -1.9613945)",0,99,920,282,0,"Y"
"240","20C",1,0,NA,"Control","R2","12/08/2019","S4","(50.7567236, -1.9459792)",7,26,290,230,0,"N"
"241","20C",2,4,"Rodent","Control","R2","12/08/2019","S4","(50.7567236, -1.9459792)",7,26,290,230,0,"N"
"242","20C",3,2,"Rodent","Control","R2","12/08/2019","S4","(50.7567236, -1.9459792)",7,26,290,230,0,"N"
"243","20C",4,0,NA,"Control","R2","12/08/2019","S4","(50.7567236, -1.9459792)",7,26,290,230,0,"N"
"244","20C",5,0,NA,"Control","R2","12/08/2019","S4","(50.7567236, -1.9459792)",7,26,290,230,0,"N"
"245","20C",6,0,NA,"Control","R2","12/08/2019","S4","(50.7567236, -1.9459792)",7,26,290,230,0,"N"
"246","20C",7,0,NA,"Control","R2","12/08/2019","S4","(50.7567236, -1.9459792)",7,26,290,230,0,"N"
"247","20D",1,1,"Unidentified","Control","R3","25/08/2019","S1","(50.7658935, -1.9624899)",2,17,745,105,0,"N"
"248","20D",2,4,"Rodent","Control","R3","25/08/2019","S1","(50.7658935, -1.9624899)",2,17,745,105,0,"N"
"249","20D",3,0,NA,"Control","R3","25/08/2019","S1","(50.7658935, -1.9624899)",2,17,745,105,0,"N"
"250","20D",4,0,NA,"Control","R3","25/08/2019","S1","(50.7658935, -1.9624899)",2,17,745,105,0,"N"
"251","20D",5,0,NA,"Control","R3","25/08/2019","S1","(50.7658935, -1.9624899)",2,17,745,105,0,"N"
"252","20D",6,0,NA,"Control","R3","25/08/2019","S1","(50.7658935, -1.9624899)",2,17,745,105,0,"N"
"253","20D",7,0,NA,"Control","R3","25/08/2019","S1","(50.7658935, -1.9624899)",2,17,745,105,0,"N"
"254","21B",1,4,"Rodent","Experimental","R1","01/08/2019","S2","(50.7638511, -1.9618746)",2,106,960,300,0,"N"
"255","21B",2,0,NA,"Experimental","R1","01/08/2019","S2","(50.7638511, -1.9618746)",2,106,960,300,0,"N"
"256","21B",3,0,NA,"Experimental","R1","01/08/2019","S2","(50.7638511, -1.9618746)",2,106,960,300,0,"N"
"257","21B",4,0,NA,"Experimental","R1","01/08/2019","S2","(50.7638511, -1.9618746)",2,106,960,300,0,"N"
"258","21B",5,0,NA,"Experimental","R1","01/08/2019","S2","(50.7638511, -1.9618746)",2,106,960,300,0,"N"
"259","21B",6,3,"Rodent","Experimental","R1","01/08/2019","S2","(50.7638511, -1.9618746)",2,106,960,300,0,"N"
"260","21B",7,0,NA,"Experimental","R1","01/08/2019","S2","(50.7638511, -1.9618746)",2,106,960,300,0,"N"
"261","21C",1,0,NA,"Control","R2","12/08/2019","S5","(50.7545406, -1.9634249)",1,4,52,41,2,"N"
"262","21C",2,0,NA,"Control","R2","12/08/2019","S5","(50.7545406, -1.9634249)",1,4,52,41,2,"N"
"263","21C",3,4,"Rodent","Control","R2","12/08/2019","S5","(50.7545406, -1.9634249)",1,4,52,41,2,"N"
"264","21C",4,0,NA,"Control","R2","12/08/2019","S5","(50.7545406, -1.9634249)",1,4,52,41,2,"N"
"265","21C",5,0,NA,"Control","R2","12/08/2019","S5","(50.7545406, -1.9634249)",1,4,52,41,2,"N"
"266","21C",6,0,NA,"Control","R2","12/08/2019","S5","(50.7545406, -1.9634249)",1,4,52,41,2,"N"
"267","21C",7,0,NA,"Control","R2","12/08/2019","S5","(50.7545406, -1.9634249)",1,4,52,41,2,"N"
"268","21D",1,2,"Rodent","Experimental","R3","25/08/2019","S7","(50.7680463, -1.9666000)",4,17,420,156,0,"N"
"269","21D",2,0,NA,"Experimental","R3","25/08/2019","S7","(50.7680463, -1.9666000)",4,17,420,156,0,"N"
"270","21D",3,0,NA,"Experimental","R3","25/08/2019","S7","(50.7680463, -1.9666000)",4,17,420,156,0,"N"
"271","21D",4,1,"Unidentified","Experimental","R3","25/08/2019","S7","(50.7680463, -1.9666000)",4,17,420,156,0,"N"
"272","21D",5,0,NA,"Experimental","R3","25/08/2019","S7","(50.7680463, -1.9666000)",4,17,420,156,0,"N"
"273","21D",6,0,NA,"Experimental","R3","25/08/2019","S7","(50.7680463, -1.9666000)",4,17,420,156,0,"N"
"274","21D",7,0,NA,"Experimental","R3","25/08/2019","S7","(50.7680463, -1.9666000)",4,17,420,156,0,"N"
"275","22B",1,0,NA,"Experimental","R1","01/08/2019","S2","(50.7636257, -1.9619648)",1,85,970,320,0,"N"
"276","22B",2,NA,"Large_Mammal/Bird","Experimental","R1","01/08/2019","S2","(50.7636257, -1.9619648)",1,85,970,320,0,"Y"
"277","22C",1,0,NA,"Experimental","R2","12/08/2019","S5","(50.7549112, -1.9634672)",1,10,14,10,0,"N"
"278","22C",2,4,"Rodent","Experimental","R2","12/08/2019","S5","(50.7549112, -1.9634672)",1,10,14,10,0,"N"
"279","22C",3,0,NA,"Experimental","R2","12/08/2019","S5","(50.7549112, -1.9634672)",1,10,14,10,0,"N"
"280","22C",4,4,"Rodent","Experimental","R2","12/08/2019","S5","(50.7549112, -1.9634672)",1,10,14,10,0,"N"
"281","22C",5,0,NA,"Experimental","R2","12/08/2019","S5","(50.7549112, -1.9634672)",1,10,14,10,0,"N"
"282","22C",6,0,NA,"Experimental","R2","12/08/2019","S5","(50.7549112, -1.9634672)",1,10,14,10,0,"N"
"283","22C",7,0,NA,"Experimental","R2","12/08/2019","S5","(50.7549112, -1.9634672)",1,10,14,10,0,"N"
"284","22D",1,3,"Rodent","Experimental","R3","25/08/2019","S7","(50.7679593, -1.9670895)",3,25,415,195,2,"N"
"285","22D",2,0,NA,"Experimental","R3","25/08/2019","S7","(50.7679593, -1.9670895)",3,25,415,195,2,"N"
"286","22D",3,0,NA,"Experimental","R3","25/08/2019","S7","(50.7679593, -1.9670895)",3,25,415,195,2,"N"
"287","22D",4,3,"Rodent","Experimental","R3","25/08/2019","S7","(50.7679593, -1.9670895)",3,25,415,195,2,"N"
"288","22D",5,0,NA,"Experimental","R3","25/08/2019","S7","(50.7679593, -1.9670895)",3,25,415,195,2,"N"
"289","22D",6,0,NA,"Experimental","R3","25/08/2019","S7","(50.7679593, -1.9670895)",3,25,415,195,2,"N"
"290","22D",7,0,NA,"Experimental","R3","25/08/2019","S7","(50.7679593, -1.9670895)",3,25,415,195,2,"N"
"291","23B",1,0,NA,"Control","R1","01/08/2019","S2","(50.7635288, -1.9622555)",7,74,995,340,0,"N"
"292","23B",2,0,NA,"Control","R1","01/08/2019","S2","(50.7635288, -1.9622555)",7,74,995,340,0,"N"
"293","23B",3,0,NA,"Control","R1","01/08/2019","S2","(50.7635288, -1.9622555)",7,74,995,340,0,"N"
"294","23B",4,0,NA,"Control","R1","01/08/2019","S2","(50.7635288, -1.9622555)",7,74,995,340,0,"N"
"295","23B",5,0,NA,"Control","R1","01/08/2019","S2","(50.7635288, -1.9622555)",7,74,995,340,0,"N"
"296","23B",6,1,"Unidentified","Control","R1","01/08/2019","S2","(50.7635288, -1.9622555)",7,74,995,340,0,"N"
"297","23B",7,0,NA,"Control","R1","01/08/2019","S2","(50.7635288, -1.9622555)",7,74,995,340,0,"N"
"298","23C",1,0,NA,"Experimental","R2","12/08/2019","S5","(50.7542886, -1.9622994)",10,8,120,107,3,"N"
"299","23C",2,2,"Rodent","Experimental","R2","12/08/2019","S5","(50.7542886, -1.9622994)",10,8,120,107,3,"N"
"300","23C",3,0,NA,"Experimental","R2","12/08/2019","S5","(50.7542886, -1.9622994)",10,8,120,107,3,"N"
"301","23C",4,0,NA,"Experimental","R2","12/08/2019","S5","(50.7542886, -1.9622994)",10,8,120,107,3,"N"
"302","23C",5,0,NA,"Experimental","R2","12/08/2019","S5","(50.7542886, -1.9622994)",10,8,120,107,3,"N"
"303","23C",6,0,NA,"Experimental","R2","12/08/2019","S5","(50.7542886, -1.9622994)",10,8,120,107,3,"N"
"304","23C",7,0,NA,"Experimental","R2","12/08/2019","S5","(50.7542886, -1.9622994)",10,8,120,107,3,"N"
"305","23D",1,1,"Unidentified","Experimental","R3","25/08/2019","S7","(50.7675692, -1.9678824)",16,14,450,260,2,"N"
"306","23D",2,3,"Rodent","Experimental","R3","25/08/2019","S7","(50.7675692, -1.9678824)",16,14,450,260,2,"N"
"307","23D",3,4,"Rodent","Experimental","R3","25/08/2019","S7","(50.7675692, -1.9678824)",16,14,450,260,2,"N"
"308","23D",4,3,"Rodent","Experimental","R3","25/08/2019","S7","(50.7675692, -1.9678824)",16,14,450,260,2,"N"
"309","23D",5,0,NA,"Experimental","R3","25/08/2019","S7","(50.7675692, -1.9678824)",16,14,450,260,2,"N"
"310","23D",6,0,NA,"Experimental","R3","25/08/2019","S7","(50.7675692, -1.9678824)",16,14,450,260,2,"N"
"311","23D",7,0,NA,"Experimental","R3","25/08/2019","S7","(50.7675692, -1.9678824)",16,14,450,260,2,"N"
"312","24B",1,4,"Rodent","Experimental","R1","01/08/2019","S2","(50.7633608, -1.9624449)",4,56,1020,365,1,"N"
"313","24B",2,4,"Rodent","Experimental","R1","01/08/2019","S2","(50.7633608, -1.9624449)",4,56,1020,365,1,"N"
"314","24B",3,0,NA,"Experimental","R1","01/08/2019","S2","(50.7633608, -1.9624449)",4,56,1020,365,1,"N"
"315","24B",4,0,NA,"Experimental","R1","01/08/2019","S2","(50.7633608, -1.9624449)",4,56,1020,365,1,"N"
"316","24B",5,0,NA,"Experimental","R1","01/08/2019","S2","(50.7633608, -1.9624449)",4,56,1020,365,1,"N"
"317","24B",6,NA,"Large_Mammal/Bird","Experimental","R1","01/08/2019","S2","(50.7633608, -1.9624449)",4,56,1020,365,1,"Y"
"318","24C",1,0,NA,"Experimental","R2","12/08/2019","S5","(50.7548147, -1.9622169)",6,25,94,82,0,"N"
"319","24C",2,0,NA,"Experimental","R2","12/08/2019","S5","(50.7548147, -1.9622169)",6,25,94,82,0,"N"
"320","24C",3,0,NA,"Experimental","R2","12/08/2019","S5","(50.7548147, -1.9622169)",6,25,94,82,0,"N"
"321","24C",4,2,"Rodent","Experimental","R2","12/08/2019","S5","(50.7548147, -1.9622169)",6,25,94,82,0,"N"
"322","24C",5,0,NA,"Experimental","R2","12/08/2019","S5","(50.7548147, -1.9622169)",6,25,94,82,0,"N"
"323","24C",6,0,NA,"Experimental","R2","12/08/2019","S5","(50.7548147, -1.9622169)",6,25,94,82,0,"N"
"324","24C",7,0,NA,"Experimental","R2","12/08/2019","S5","(50.7548147, -1.9622169)",6,25,94,82,0,"N"
"325","24D",1,0,NA,"Control","R3","25/08/2019","S7","(50.767214, -1.968253)",24,27,485,300,2,"N"
"326","24D",2,1,"Unidentified","Control","R3","25/08/2019","S7","(50.767214, -1.968253)",24,27,485,300,2,"N"
"327","24D",3,0,NA,"Control","R3","25/08/2019","S7","(50.767214, -1.968253)",24,27,485,300,2,"N"
"328","24D",4,0,NA,"Control","R3","25/08/2019","S7","(50.767214, -1.968253)",24,27,485,300,2,"N"
"329","24D",5,0,NA,"Control","R3","25/08/2019","S7","(50.767214, -1.968253)",24,27,485,300,2,"N"
"330","24D",6,0,NA,"Control","R3","25/08/2019","S7","(50.767214, -1.968253)",24,27,485,300,2,"N"
"331","24D",7,0,NA,"Control","R3","25/08/2019","S7","(50.767214, -1.968253)",24,27,485,300,2,"N"
"332","25B",1,0,NA,"Control","R1","01/08/2019","S2","(50.7635530, -1.9632483)",0,80,1040,360,0,"N"
"333","25B",2,0,NA,"Control","R1","01/08/2019","S2","(50.7635530, -1.9632483)",0,80,1040,360,0,"N"
"334","25B",3,0,NA,"Control","R1","01/08/2019","S2","(50.7635530, -1.9632483)",0,80,1040,360,0,"N"
"335","25B",4,0,NA,"Control","R1","01/08/2019","S2","(50.7635530, -1.9632483)",0,80,1040,360,0,"N"
"336","25B",5,0,NA,"Control","R1","01/08/2019","S2","(50.7635530, -1.9632483)",0,80,1040,360,0,"N"
"337","25B",6,0,NA,"Control","R1","01/08/2019","S2","(50.7635530, -1.9632483)",0,80,1040,360,0,"N"
"338","25B",7,0,NA,"Control","R1","01/08/2019","S2","(50.7635530, -1.9632483)",0,80,1040,360,0,"N"
"339","25C",1,1,"Unidentified","Control","R2","12/08/2019","S5","(50.7545886, -1.9617462)",6,12,135,127,0,"N"
"340","25C",2,0,NA,"Control","R2","12/08/2019","S5","(50.7545886, -1.9617462)",6,12,135,127,0,"N"
"341","25C",3,0,NA,"Control","R2","12/08/2019","S5","(50.7545886, -1.9617462)",6,12,135,127,0,"N"
"342","25C",4,2,"Unidentified","Control","R2","12/08/2019","S5","(50.7545886, -1.9617462)",6,12,135,127,0,"N"
"343","25C",5,2,"Unidentified","Control","R2","12/08/2019","S5","(50.7545886, -1.9617462)",6,12,135,127,0,"N"
"344","25C",6,0,NA,"Control","R2","12/08/2019","S5","(50.7545886, -1.9617462)",6,12,135,127,0,"N"
"345","25C",7,2,"Rodent","Control","R2","12/08/2019","S5","(50.7545886, -1.9617462)",6,12,135,127,0,"N"
"346","25D",1,2,"Rodent","Experimental","R3","25/08/2019","S7","(50.7678287, -1.9685570)",4,11,410,400,0,"N"
"347","25D",2,4,"Rodent","Experimental","R3","25/08/2019","S7","(50.7678287, -1.9685570)",4,11,410,400,0,"N"
"348","25D",3,0,NA,"Experimental","R3","25/08/2019","S7","(50.7678287, -1.9685570)",4,11,410,400,0,"N"
"349","25D",4,0,NA,"Experimental","R3","25/08/2019","S7","(50.7678287, -1.9685570)",4,11,410,400,0,"N"
"350","25D",5,0,NA,"Experimental","R3","25/08/2019","S7","(50.7678287, -1.9685570)",4,11,410,400,0,"N"
"351","25D",6,0,NA,"Experimental","R3","25/08/2019","S7","(50.7678287, -1.9685570)",4,11,410,400,0,"N"
"352","25D",7,0,NA,"Experimental","R3","25/08/2019","S7","(50.7678287, -1.9685570)",4,11,410,400,0,"N"
"353","26B",1,0,NA,"Experimental","R1","01/08/2019","S2","(50.7635854, -1.9636523)",3,66,940,365,0,"N"
"354","26B",2,0,NA,"Experimental","R1","01/08/2019","S2","(50.7635854, -1.9636523)",3,66,940,365,0,"N"
"355","26B",3,0,NA,"Experimental","R1","01/08/2019","S2","(50.7635854, -1.9636523)",3,66,940,365,0,"N"
"356","26B",4,0,NA,"Experimental","R1","01/08/2019","S2","(50.7635854, -1.9636523)",3,66,940,365,0,"N"
"357","26B",5,0,NA,"Experimental","R1","01/08/2019","S2","(50.7635854, -1.9636523)",3,66,940,365,0,"N"
"358","26B",6,0,NA,"Experimental","R1","01/08/2019","S2","(50.7635854, -1.9636523)",3,66,940,365,0,"N"
"359","26B",7,1,"Unidentified","Experimental","R1","01/08/2019","S2","(50.7635854, -1.9636523)",3,66,940,365,0,"N"
"360","26C",1,0,NA,"Control","R2","12/08/2019","S5","(50.7545279, -1.9610482)",5,2,163,144,0,"N"
"361","26C",2,2,"Rodent","Control","R2","12/08/2019","S5","(50.7545279, -1.9610482)",5,2,163,144,0,"N"
"362","26C",3,0,NA,"Control","R2","12/08/2019","S5","(50.7545279, -1.9610482)",5,2,163,144,0,"N"
"363","26C",4,4,"Rodent","Control","R2","12/08/2019","S5","(50.7545279, -1.9610482)",5,2,163,144,0,"N"
"364","26C",5,0,NA,"Control","R2","12/08/2019","S5","(50.7545279, -1.9610482)",5,2,163,144,0,"N"
"365","26C",6,0,NA,"Control","R2","12/08/2019","S5","(50.7545279, -1.9610482)",5,2,163,144,0,"N"
"366","26C",7,0,NA,"Control","R2","12/08/2019","S5","(50.7545279, -1.9610482)",5,2,163,144,0,"N"
"367","26D",1,2,"Rodent","Control","R3","25/08/2019","S7","(50.7680883, -1.9691273)",2,19,390,330,2,"N"
"368","26D",2,0,NA,"Control","R3","25/08/2019","S7","(50.7680883, -1.9691273)",2,19,390,330,2,"N"
"369","26D",3,0,NA,"Control","R3","25/08/2019","S7","(50.7680883, -1.9691273)",2,19,390,330,2,"N"
"370","26D",4,0,NA,"Control","R3","25/08/2019","S7","(50.7680883, -1.9691273)",2,19,390,330,2,"N"
"371","26D",5,0,NA,"Control","R3","25/08/2019","S7","(50.7680883, -1.9691273)",2,19,390,330,2,"N"
"372","26D",6,0,NA,"Control","R3","25/08/2019","S7","(50.7680883, -1.9691273)",2,19,390,330,2,"N"
"373","26D",7,0,NA,"Control","R3","25/08/2019","S7","(50.7680883, -1.9691273)",2,19,390,330,2,"N"
"374","27B",1,1,"Unidentified","Control","R1","01/08/2019","S2","(50.7635712, -1.9640053)",2,42,920,380,0,"N"
"375","27B",2,0,NA,"Control","R1","01/08/2019","S2","(50.7635712, -1.9640053)",2,42,920,380,0,"N"
"376","27B",3,0,NA,"Control","R1","01/08/2019","S2","(50.7635712, -1.9640053)",2,42,920,380,0,"N"
"377","27B",4,0,NA,"Control","R1","01/08/2019","S2","(50.7635712, -1.9640053)",2,42,920,380,0,"N"
"378","27B",5,0,NA,"Control","R1","01/08/2019","S2","(50.7635712, -1.9640053)",2,42,920,380,0,"N"
"379","27B",6,0,NA,"Control","R1","01/08/2019","S2","(50.7635712, -1.9640053)",2,42,920,380,0,"N"
"380","27B",7,0,NA,"Control","R1","01/08/2019","S2","(50.7635712, -1.9640053)",2,42,920,380,0,"N"
"381","27C",1,0,NA,"Experimental","R2","12/08/2019","S5","(50.7548577, -1.9600179)",2,5,153,113,0,"N"
"382","27C",2,0,NA,"Experimental","R2","12/08/2019","S5","(50.7548577, -1.9600179)",2,5,153,113,0,"N"
"383","27C",3,3,"Rodent","Experimental","R2","12/08/2019","S5","(50.7548577, -1.9600179)",2,5,153,113,0,"N"
"384","27C",4,0,NA,"Experimental","R2","12/08/2019","S5","(50.7548577, -1.9600179)",2,5,153,113,0,"N"
"385","27C",5,0,NA,"Experimental","R2","12/08/2019","S5","(50.7548577, -1.9600179)",2,5,153,113,0,"N"
"386","27C",6,0,NA,"Experimental","R2","12/08/2019","S5","(50.7548577, -1.9600179)",2,5,153,113,0,"N"
"387","27C",7,3,"Rodent","Experimental","R2","12/08/2019","S5","(50.7548577, -1.9600179)",2,5,153,113,0,"N"
"388","27D",1,1,"Unidentified","Control","R3","25/08/2019","S7","(50.7685474, -1.9692121)",3,21,340,330,0,"N"
"389","27D",2,0,NA,"Control","R3","25/08/2019","S7","(50.7685474, -1.9692121)",3,21,340,330,0,"N"
"390","27D",3,0,NA,"Control","R3","25/08/2019","S7","(50.7685474, -1.9692121)",3,21,340,330,0,"N"
"391","27D",4,0,NA,"Control","R3","25/08/2019","S7","(50.7685474, -1.9692121)",3,21,340,330,0,"N"
"392","27D",5,0,NA,"Control","R3","25/08/2019","S7","(50.7685474, -1.9692121)",3,21,340,330,0,"N"
"393","27D",6,0,NA,"Control","R3","25/08/2019","S7","(50.7685474, -1.9692121)",3,21,340,330,0,"N"
"394","27D",7,1,"Unidentified","Control","R3","25/08/2019","S7","(50.7685474, -1.9692121)",3,21,340,330,0,"N"
"395","28B",1,2,"Rodent","Experimental","R1","01/08/2019","S2","(50.7639048, -1.9639493)",3,64,900,340,0,"N"
"396","28B",2,2,"Rodent","Experimental","R1","01/08/2019","S2","(50.7639048, -1.9639493)",3,64,900,340,0,"N"
"397","28B",3,0,NA,"Experimental","R1","01/08/2019","S2","(50.7639048, -1.9639493)",3,64,900,340,0,"N"
"398","28B",4,0,NA,"Experimental","R1","01/08/2019","S2","(50.7639048, -1.9639493)",3,64,900,340,0,"N"
"399","28B",5,1,"Unidentified","Experimental","R1","01/08/2019","S2","(50.7639048, -1.9639493)",3,64,900,340,0,"N"
"400","28B",6,3,"Rodent","Experimental","R1","01/08/2019","S2","(50.7639048, -1.9639493)",3,64,900,340,0,"N"
"401","28B",7,4,"Rodent","Experimental","R1","01/08/2019","S2","(50.7639048, -1.9639493)",3,64,900,340,0,"N"
"402","28C",1,0,NA,"Experimental","R2","12/08/2019","S5","(50.7548509, -1.9609674)",6,6,175,160,1,"N"
"403","28C",2,0,NA,"Experimental","R2","12/08/2019","S5","(50.7548509, -1.9609674)",6,6,175,160,1,"N"
"404","28C",3,2,"Rodent","Experimental","R2","12/08/2019","S5","(50.7548509, -1.9609674)",6,6,175,160,1,"N"
"405","28C",4,0,NA,"Experimental","R2","12/08/2019","S5","(50.7548509, -1.9609674)",6,6,175,160,1,"N"
"406","28C",5,0,NA,"Experimental","R2","12/08/2019","S5","(50.7548509, -1.9609674)",6,6,175,160,1,"N"
"407","28C",6,0,NA,"Experimental","R2","12/08/2019","S5","(50.7548509, -1.9609674)",6,6,175,160,1,"N"
"408","28C",7,0,NA,"Experimental","R2","12/08/2019","S5","(50.7548509, -1.9609674)",6,6,175,160,1,"N"
"409","28D",1,0,NA,"Control","R3","25/08/2019","S7","(50.7690790, -1.9697365)",1,45,290,290,1,"N"
"410","28D",2,0,NA,"Control","R3","25/08/2019","S7","(50.7690790, -1.9697365)",1,45,290,290,1,"N"
"411","28D",3,0,NA,"Control","R3","25/08/2019","S7","(50.7690790, -1.9697365)",1,45,290,290,1,"N"
"412","28D",4,0,NA,"Control","R3","25/08/2019","S7","(50.7690790, -1.9697365)",1,45,290,290,1,"N"
"413","28D",5,0,NA,"Control","R3","25/08/2019","S7","(50.7690790, -1.9697365)",1,45,290,290,1,"N"
"414","28D",6,0,NA,"Control","R3","25/08/2019","S7","(50.7690790, -1.9697365)",1,45,290,290,1,"N"
"415","28D",7,2,"Rodent","Control","R3","25/08/2019","S7","(50.7690790, -1.9697365)",1,45,290,290,1,"N"
"416","29B",1,2,"Rodent","Experimental","R1","01/08/2019","S2","(50.7641692, -1.9638970)",0,90,895,315,0,"N"
"417","29B",2,0,NA,"Experimental","R1","01/08/2019","S2","(50.7641692, -1.9638970)",0,90,895,315,0,"N"
"418","29B",3,0,NA,"Experimental","R1","01/08/2019","S2","(50.7641692, -1.9638970)",0,90,895,315,0,"N"
"419","29B",4,0,NA,"Experimental","R1","01/08/2019","S2","(50.7641692, -1.9638970)",0,90,895,315,0,"N"
"420","29B",5,0,NA,"Experimental","R1","01/08/2019","S2","(50.7641692, -1.9638970)",0,90,895,315,0,"N"
"421","29B",6,0,NA,"Experimental","R1","01/08/2019","S2","(50.7641692, -1.9638970)",0,90,895,315,0,"N"
"422","29B",7,0,NA,"Experimental","R1","01/08/2019","S2","(50.7641692, -1.9638970)",0,90,895,315,0,"N"
"423","29C",1,1,"Unidentified","Control","R2","12/08/2019","S5","(50.7553256, -1.9603474)",3,16,215,170,0,"N"
"424","29C",2,2,"Rodent","Control","R2","12/08/2019","S5","(50.7553256, -1.9603474)",3,16,215,170,0,"N"
"425","29C",3,4,"Rodent","Control","R2","12/08/2019","S5","(50.7553256, -1.9603474)",3,16,215,170,0,"N"
"426","29C",4,0,NA,"Control","R2","12/08/2019","S5","(50.7553256, -1.9603474)",3,16,215,170,0,"N"
"427","29C",5,0,NA,"Control","R2","12/08/2019","S5","(50.7553256, -1.9603474)",3,16,215,170,0,"N"
"428","29C",6,0,NA,"Control","R2","12/08/2019","S5","(50.7553256, -1.9603474)",3,16,215,170,0,"N"
"429","29C",7,0,NA,"Control","R2","12/08/2019","S5","(50.7553256, -1.9603474)",3,16,215,170,0,"N"
"430","29D",1,2,"Unidentified","Experimental","R3","25/08/2019","S7","(50.7695505, -1.9698143)",1,78,235,235,1,"N"
"431","29D",2,0,NA,"Experimental","R3","25/08/2019","S7","(50.7695505, -1.9698143)",1,78,235,235,1,"N"
"432","29D",3,0,NA,"Experimental","R3","25/08/2019","S7","(50.7695505, -1.9698143)",1,78,235,235,1,"N"
"433","29D",4,0,NA,"Experimental","R3","25/08/2019","S7","(50.7695505, -1.9698143)",1,78,235,235,1,"N"
"434","29D",5,0,NA,"Experimental","R3","25/08/2019","S7","(50.7695505, -1.9698143)",1,78,235,235,1,"N"
"435","29D",6,0,NA,"Experimental","R3","25/08/2019","S7","(50.7695505, -1.9698143)",1,78,235,235,1,"N"
"436","29D",7,0,NA,"Experimental","R3","25/08/2019","S7","(50.7695505, -1.9698143)",1,78,235,235,1,"N"
"446","2B",1,0,NA,"Experimental","R1","01/08/2019","S2","(50.7658704, -1.9612912)",2,28,775,70,0,"N"
"447","2B",2,2,"Rodent","Experimental","R1","01/08/2019","S2","(50.7658704, -1.9612912)",2,28,775,70,0,"N"
"448","2B",3,0,NA,"Experimental","R1","01/08/2019","S2","(50.7658704, -1.9612912)",2,28,775,70,0,"N"
"449","2B",4,0,NA,"Experimental","R1","01/08/2019","S2","(50.7658704, -1.9612912)",2,28,775,70,0,"N"
"450","2B",5,3,"Rodent","Experimental","R1","01/08/2019","S2","(50.7658704, -1.9612912)",2,28,775,70,0,"N"
"451","2B",6,0,NA,"Experimental","R1","01/08/2019","S2","(50.7658704, -1.9612912)",2,28,775,70,0,"N"
"452","2B",7,0,NA,"Experimental","R1","01/08/2019","S2","(50.7658704, -1.9612912)",2,28,775,70,0,"N"
"453","2C",1,0,NA,"Experimental","R2","12/08/2019","S3","(50.7597930, -1.9579291)",7,4,610,610,1,"N"
"454","2C",2,0,NA,"Experimental","R2","12/08/2019","S3","(50.7597930, -1.9579291)",7,4,610,610,1,"N"
"455","2C",3,0,NA,"Experimental","R2","12/08/2019","S3","(50.7597930, -1.9579291)",7,4,610,610,1,"N"
"456","2C",4,0,NA,"Experimental","R2","12/08/2019","S3","(50.7597930, -1.9579291)",7,4,610,610,1,"N"
"457","2C",5,0,NA,"Experimental","R2","12/08/2019","S3","(50.7597930, -1.9579291)",7,4,610,610,1,"N"
"458","2C",6,0,NA,"Experimental","R2","12/08/2019","S3","(50.7597930, -1.9579291)",7,4,610,610,1,"N"
"459","2C",7,0,NA,"Experimental","R2","12/08/2019","S3","(50.7597930, -1.9579291)",7,4,610,610,1,"N"
"460","2D",1,0,NA,"Control","R3","25/08/2019","S6","(50.7581650, -1.9754590)",10,10,50,42,0,"N"
"461","2D",2,0,NA,"Control","R3","25/08/2019","S6","(50.7581650, -1.9754590)",10,10,50,42,0,"N"
"462","2D",3,1,"Unidentified","Control","R3","25/08/2019","S6","(50.7581650, -1.9754590)",10,10,50,42,0,"N"
"463","2D",4,0,NA,"Control","R3","25/08/2019","S6","(50.7581650, -1.9754590)",10,10,50,42,0,"N"
"464","2D",5,0,NA,"Control","R3","25/08/2019","S6","(50.7581650, -1.9754590)",10,10,50,42,0,"N"
"465","2D",6,0,NA,"Control","R3","25/08/2019","S6","(50.7581650, -1.9754590)",10,10,50,42,0,"N"
"466","2D",7,0,NA,"Control","R3","25/08/2019","S6","(50.7581650, -1.9754590)",10,10,50,42,0,"N"
"467","30B",1,1,"Unidentified","Experimental","R1","01/08/2019","S2","(50.7644337, -1.9635487)",0,74,910,275,1,"N"
"468","30B",2,3,"Rodent","Experimental","R1","01/08/2019","S2","(50.7644337, -1.9635487)",0,74,910,275,1,"N"
"469","30B",3,0,NA,"Experimental","R1","01/08/2019","S2","(50.7644337, -1.9635487)",0,74,910,275,1,"N"
"470","30B",4,3,"Rodent","Experimental","R1","01/08/2019","S2","(50.7644337, -1.9635487)",0,74,910,275,1,"N"
"471","30B",5,0,NA,"Experimental","R1","01/08/2019","S2","(50.7644337, -1.9635487)",0,74,910,275,1,"N"
"472","30B",6,0,NA,"Experimental","R1","01/08/2019","S2","(50.7644337, -1.9635487)",0,74,910,275,1,"N"
"473","30B",7,0,NA,"Experimental","R1","01/08/2019","S2","(50.7644337, -1.9635487)",0,74,910,275,1,"N"
"474","30C",1,0,NA,"Control","R2","12/08/2019","S5","(50.7556232, -1.9606153)",2,2,200,186,0,"N"
"475","30C",2,4,"Rodent","Control","R2","12/08/2019","S5","(50.7556232, -1.9606153)",2,2,200,186,0,"N"
"476","30C",3,0,NA,"Control","R2","12/08/2019","S5","(50.7556232, -1.9606153)",2,2,200,186,0,"N"
"477","30C",4,0,NA,"Control","R2","12/08/2019","S5","(50.7556232, -1.9606153)",2,2,200,186,0,"N"
"478","30C",5,2,"Rodent","Control","R2","12/08/2019","S5","(50.7556232, -1.9606153)",2,2,200,186,0,"N"
"479","30C",6,0,NA,"Control","R2","12/08/2019","S5","(50.7556232, -1.9606153)",2,2,200,186,0,"N"
"480","30C",7,0,NA,"Control","R2","12/08/2019","S5","(50.7556232, -1.9606153)",2,2,200,186,0,"N"
"481","30D",1,0,NA,"Control","R3","25/08/2019","S7","(50.7692893, -1.9704838)",1,35,280,255,1,"N"
"482","30D",2,0,NA,"Control","R3","25/08/2019","S7","(50.7692893, -1.9704838)",1,35,280,255,1,"N"
"483","30D",3,0,NA,"Control","R3","25/08/2019","S7","(50.7692893, -1.9704838)",1,35,280,255,1,"N"
"484","30D",4,0,NA,"Control","R3","25/08/2019","S7","(50.7692893, -1.9704838)",1,35,280,255,1,"N"
"485","30D",5,0,NA,"Control","R3","25/08/2019","S7","(50.7692893, -1.9704838)",1,35,280,255,1,"N"
"486","30D",6,0,NA,"Control","R3","25/08/2019","S7","(50.7692893, -1.9704838)",1,35,280,255,1,"N"
"487","30D",7,0,NA,"Control","R3","25/08/2019","S7","(50.7692893, -1.9704838)",1,35,280,255,1,"N"
"488","31C",1,4,"Rodent","Experimental","R2","12/08/2019","S1","(50.7676989, -1.9652415)",9,17,480,101,2,"N"
"489","31C",2,0,NA,"Experimental","R2","12/08/2019","S1","(50.7676989, -1.9652415)",9,17,480,101,2,"N"
"490","31C",3,0,NA,"Experimental","R2","12/08/2019","S1","(50.7676989, -1.9652415)",9,17,480,101,2,"N"
"491","31C",4,4,"Large Mammal","Experimental","R2","12/08/2019","S1","(50.7676989, -1.9652415)",9,17,480,101,2,"N"
"492","31C",5,0,NA,"Experimental","R2","12/08/2019","S1","(50.7676989, -1.9652415)",9,17,480,101,2,"N"
"493","31C",6,0,NA,"Experimental","R2","12/08/2019","S1","(50.7676989, -1.9652415)",9,17,480,101,2,"N"
"494","31C",7,NA,"Large_Mammal/Bird","Experimental","R2","12/08/2019","S1","(50.7676989, -1.9652415)",9,17,480,101,2,"Y"
"495","31D",1,2,"Unidentified","Control","R3","25/08/2019","S8","(50.7643775, -1.9512826)",3,12,600,290,0,"N"
"496","31D",2,0,NA,"Control","R3","25/08/2019","S8","(50.7643775, -1.9512826)",3,12,600,290,0,"N"
"497","31D",3,0,NA,"Control","R3","25/08/2019","S8","(50.7643775, -1.9512826)",3,12,600,290,0,"N"
"498","31D",4,0,NA,"Control","R3","25/08/2019","S8","(50.7643775, -1.9512826)",3,12,600,290,0,"N"
"499","31D",5,2,"Unidentified","Control","R3","25/08/2019","S8","(50.7643775, -1.9512826)",3,12,600,290,0,"N"
"500","31D",6,0,NA,"Control","R3","25/08/2019","S8","(50.7643775, -1.9512826)",3,12,600,290,0,"N"
"501","31D",7,0,NA,"Control","R3","25/08/2019","S8","(50.7643775, -1.9512826)",3,12,600,290,0,"N"
"502","32C",1,4,"Rodent","Experimental","R2","12/08/2019","S1","(50.7674311, -1.9644811)",6,65,530,85,1,"N"
"503","32C",2,0,NA,"Experimental","R2","12/08/2019","S1","(50.7674311, -1.9644811)",6,65,530,85,1,"N"
"504","32C",3,0,NA,"Experimental","R2","12/08/2019","S1","(50.7674311, -1.9644811)",6,65,530,85,1,"N"
"505","32C",4,0,NA,"Experimental","R2","12/08/2019","S1","(50.7674311, -1.9644811)",6,65,530,85,1,"N"
"506","32C",5,4,"Large Mammal","Experimental","R2","12/08/2019","S1","(50.7674311, -1.9644811)",6,65,530,85,1,"N"
"507","32C",6,0,NA,"Experimental","R2","12/08/2019","S1","(50.7674311, -1.9644811)",6,65,530,85,1,"N"
"508","32C",7,0,NA,"Experimental","R2","12/08/2019","S1","(50.7674311, -1.9644811)",6,65,530,85,1,"N"
"509","32D",1,0,NA,"Control","R3","25/08/2019","S8","(50.7647431, -1.9513171)",2,10,550,250,0,"N"
"510","32D",2,0,NA,"Control","R3","25/08/2019","S8","(50.7647431, -1.9513171)",2,10,550,250,0,"N"
"511","32D",3,4,"Rodent","Control","R3","25/08/2019","S8","(50.7647431, -1.9513171)",2,10,550,250,0,"N"
"512","32D",4,0,NA,"Control","R3","25/08/2019","S8","(50.7647431, -1.9513171)",2,10,550,250,0,"N"
"513","32D",5,0,NA,"Control","R3","25/08/2019","S8","(50.7647431, -1.9513171)",2,10,550,250,0,"N"
"514","32D",6,0,NA,"Control","R3","25/08/2019","S8","(50.7647431, -1.9513171)",2,10,550,250,0,"N"
"515","32D",7,0,NA,"Control","R3","25/08/2019","S8","(50.7647431, -1.9513171)",2,10,550,250,0,"N"
"516","33C",1,4,"Rodent","Experimental","R2","12/08/2019","S1","(50.7672937, -1.9640365)",8,66,560,66,1,"N"
"517","33C",2,2,"Rodent","Experimental","R2","12/08/2019","S1","(50.7672937, -1.9640365)",8,66,560,66,1,"N"
"518","33C",3,0,NA,"Experimental","R2","12/08/2019","S1","(50.7672937, -1.9640365)",8,66,560,66,1,"N"
"519","33C",4,0,NA,"Experimental","R2","12/08/2019","S1","(50.7672937, -1.9640365)",8,66,560,66,1,"N"
"520","33C",5,0,NA,"Experimental","R2","12/08/2019","S1","(50.7672937, -1.9640365)",8,66,560,66,1,"N"
"521","33C",6,4,"Rodent","Experimental","R2","12/08/2019","S1","(50.7672937, -1.9640365)",8,66,560,66,1,"N"
"522","33C",7,0,NA,"Experimental","R2","12/08/2019","S1","(50.7672937, -1.9640365)",8,66,560,66,1,"N"
"523","33D",1,0,NA,"Control","R3","25/08/2019","S8","(50.7650915, -1.9516970)",8,29,510,210,0,"N"
"524","33D",2,1,"Unidentified","Control","R3","25/08/2019","S8","(50.7650915, -1.9516970)",8,29,510,210,0,"N"
"525","33D",3,0,NA,"Control","R3","25/08/2019","S8","(50.7650915, -1.9516970)",8,29,510,210,0,"N"
"526","33D",4,0,NA,"Control","R3","25/08/2019","S8","(50.7650915, -1.9516970)",8,29,510,210,0,"N"
"527","33D",5,0,NA,"Control","R3","25/08/2019","S8","(50.7650915, -1.9516970)",8,29,510,210,0,"N"
"528","33D",6,0,NA,"Control","R3","25/08/2019","S8","(50.7650915, -1.9516970)",8,29,510,210,0,"N"
"529","33D",7,0,NA,"Control","R3","25/08/2019","S8","(50.7650915, -1.9516970)",8,29,510,210,0,"N"
"530","34C",1,3,"Rodent","Control","R2","12/08/2019","S1","(50.7669466, -1.9640784)",8,59,595,79,1,"N"
"531","34C",2,4,"Rodent","Control","R2","12/08/2019","S1","(50.7669466, -1.9640784)",8,59,595,79,1,"N"
"532","34C",3,3,"Rodent","Control","R2","12/08/2019","S1","(50.7669466, -1.9640784)",8,59,595,79,1,"N"
"533","34C",4,0,NA,"Control","R2","12/08/2019","S1","(50.7669466, -1.9640784)",8,59,595,79,1,"N"
"534","34C",5,3,"Rodent","Control","R2","12/08/2019","S1","(50.7669466, -1.9640784)",8,59,595,79,1,"N"
"535","34C",6,0,NA,"Control","R2","12/08/2019","S1","(50.7669466, -1.9640784)",8,59,595,79,1,"N"
"536","34C",7,0,NA,"Control","R2","12/08/2019","S1","(50.7669466, -1.9640784)",8,59,595,79,1,"N"
"537","34D",1,0,NA,"Control","R3","25/08/2019","S8","(50.7646875, -1.9524252)",20,10,560,295,0,"N"
"538","34D",2,2,"Rodent","Control","R3","25/08/2019","S8","(50.7646875, -1.9524252)",20,10,560,295,0,"N"
"539","34D",3,0,NA,"Control","R3","25/08/2019","S8","(50.7646875, -1.9524252)",20,10,560,295,0,"N"
"540","34D",4,4,"Rodent","Control","R3","25/08/2019","S8","(50.7646875, -1.9524252)",20,10,560,295,0,"N"
"541","34D",5,0,NA,"Control","R3","25/08/2019","S8","(50.7646875, -1.9524252)",20,10,560,295,0,"N"
"542","34D",6,0,NA,"Control","R3","25/08/2019","S8","(50.7646875, -1.9524252)",20,10,560,295,0,"N"
"543","34D",7,0,NA,"Control","R3","25/08/2019","S8","(50.7646875, -1.9524252)",20,10,560,295,0,"N"
"544","35C",1,3,"Rodent","Experimental","R2","12/08/2019","S1","(50.7666448, -1.9647459)",4,1,600,135,1,"N"
"545","35C",2,0,NA,"Experimental","R2","12/08/2019","S1","(50.7666448, -1.9647459)",4,1,600,135,1,"N"
"546","35C",3,0,NA,"Experimental","R2","12/08/2019","S1","(50.7666448, -1.9647459)",4,1,600,135,1,"N"
"547","35C",4,3,"Rodent","Experimental","R2","12/08/2019","S1","(50.7666448, -1.9647459)",4,1,600,135,1,"N"
"548","35C",5,0,NA,"Experimental","R2","12/08/2019","S1","(50.7666448, -1.9647459)",4,1,600,135,1,"N"
"549","35C",6,0,NA,"Experimental","R2","12/08/2019","S1","(50.7666448, -1.9647459)",4,1,600,135,1,"N"
"550","35C",7,0,NA,"Experimental","R2","12/08/2019","S1","(50.7666448, -1.9647459)",4,1,600,135,1,"N"
"551","35D",1,0,NA,"Control","R3","25/08/2019","S8","(50.7641877, -1.9526995)",14,26,615,340,0,"N"
"552","35D",2,1,"Unidentified","Control","R3","25/08/2019","S8","(50.7641877, -1.9526995)",14,26,615,340,0,"N"
"553","35D",3,0,NA,"Control","R3","25/08/2019","S8","(50.7641877, -1.9526995)",14,26,615,340,0,"N"
"554","35D",4,0,NA,"Control","R3","25/08/2019","S8","(50.7641877, -1.9526995)",14,26,615,340,0,"N"
"555","35D",5,0,NA,"Control","R3","25/08/2019","S8","(50.7641877, -1.9526995)",14,26,615,340,0,"N"
"556","35D",6,0,NA,"Control","R3","25/08/2019","S8","(50.7641877, -1.9526995)",14,26,615,340,0,"N"
"557","35D",7,1,"Unidentified","Control","R3","25/08/2019","S8","(50.7641877, -1.9526995)",14,26,615,340,0,"N"
"558","36C",1,2,"Rodent","Experimental","R2","12/08/2019","S2","(50.7661130, -1.9645163)",3,10,660,150,0,"N"
"559","36C",2,0,NA,"Experimental","R2","12/08/2019","S2","(50.7661130, -1.9645163)",3,10,660,150,0,"N"
"560","36C",3,0,NA,"Experimental","R2","12/08/2019","S2","(50.7661130, -1.9645163)",3,10,660,150,0,"N"
"561","36C",4,1,"Unidentified","Experimental","R2","12/08/2019","S2","(50.7661130, -1.9645163)",3,10,660,150,0,"N"
"562","36C",5,0,NA,"Experimental","R2","12/08/2019","S2","(50.7661130, -1.9645163)",3,10,660,150,0,"N"
"563","36C",6,0,NA,"Experimental","R2","12/08/2019","S2","(50.7661130, -1.9645163)",3,10,660,150,0,"N"
"564","36C",7,0,NA,"Experimental","R2","12/08/2019","S2","(50.7661130, -1.9645163)",3,10,660,150,0,"N"
"565","36D",1,0,NA,"Experimental","R3","25/08/2019","S8","(50.7636849, -1.9530750)",23,24,675,415,0,"N"
"566","36D",2,0,NA,"Experimental","R3","25/08/2019","S8","(50.7636849, -1.9530750)",23,24,675,415,0,"N"
"567","36D",3,1,"Unidentified","Experimental","R3","25/08/2019","S8","(50.7636849, -1.9530750)",23,24,675,415,0,"N"
"568","36D",4,0,NA,"Experimental","R3","25/08/2019","S8","(50.7636849, -1.9530750)",23,24,675,415,0,"N"
"569","36D",5,0,NA,"Experimental","R3","25/08/2019","S8","(50.7636849, -1.9530750)",23,24,675,415,0,"N"
"570","36D",6,0,NA,"Experimental","R3","25/08/2019","S8","(50.7636849, -1.9530750)",23,24,675,415,0,"N"
"571","36D",7,0,NA,"Experimental","R3","25/08/2019","S8","(50.7636849, -1.9530750)",23,24,675,415,0,"N"
"572","37C",1,3,"Rodent","Control","R2","12/08/2019","S1","(50.7660941, -1.9638970)",2,10,680,125,0,"N"
"573","37C",2,1,"Unidentified","Control","R2","12/08/2019","S1","(50.7660941, -1.9638970)",2,10,680,125,0,"N"
"574","37C",3,0,NA,"Control","R2","12/08/2019","S1","(50.7660941, -1.9638970)",2,10,680,125,0,"N"
"575","37C",4,0,NA,"Control","R2","12/08/2019","S1","(50.7660941, -1.9638970)",2,10,680,125,0,"N"
"576","37C",5,0,NA,"Control","R2","12/08/2019","S1","(50.7660941, -1.9638970)",2,10,680,125,0,"N"
"577","37C",6,3,"Rodent","Control","R2","12/08/2019","S1","(50.7660941, -1.9638970)",2,10,680,125,0,"N"
"578","37C",7,0,NA,"Control","R2","12/08/2019","S1","(50.7660941, -1.9638970)",2,10,680,125,0,"N"
"579","37D",1,0,NA,"Experimental","R3","25/08/2019","S8","(50.7633579, -1.9534907)",4,4,715,450,0,"N"
"580","37D",2,NA,"Large_Mammal/Bird","Experimental","R3","25/08/2019","S8","(50.7633579, -1.9534907)",4,4,715,450,0,"Y"
"581","38C",1,2,"Rodent","Control","R2","12/08/2019","S2","(50.7664682, -1.9648623)",2,12,620,150,0,"N"
"582","38C",2,0,NA,"Control","R2","12/08/2019","S2","(50.7664682, -1.9648623)",2,12,620,150,0,"N"
"583","38C",3,0,NA,"Control","R2","12/08/2019","S2","(50.7664682, -1.9648623)",2,12,620,150,0,"N"
"584","38C",4,0,NA,"Control","R2","12/08/2019","S2","(50.7664682, -1.9648623)",2,12,620,150,0,"N"
"585","38C",5,0,NA,"Control","R2","12/08/2019","S2","(50.7664682, -1.9648623)",2,12,620,150,0,"N"
"586","38C",6,4,"Rodent","Control","R2","12/08/2019","S2","(50.7664682, -1.9648623)",2,12,620,150,0,"N"
"587","38C",7,0,NA,"Control","R2","12/08/2019","S2","(50.7664682, -1.9648623)",2,12,620,150,0,"N"
"588","38D",1,0,NA,"Experimental","R3","25/08/2019","S8","(50.7630989, -1.9535866)",1,2,740,485,0,"N"
"589","38D",2,0,NA,"Experimental","R3","25/08/2019","S8","(50.7630989, -1.9535866)",1,2,740,485,0,"N"
"590","38D",3,3,"Rodent","Experimental","R3","25/08/2019","S8","(50.7630989, -1.9535866)",1,2,740,485,0,"N"
"591","38D",4,0,NA,"Experimental","R3","25/08/2019","S8","(50.7630989, -1.9535866)",1,2,740,485,0,"N"
"592","38D",5,0,NA,"Experimental","R3","25/08/2019","S8","(50.7630989, -1.9535866)",1,2,740,485,0,"N"
"593","38D",6,0,NA,"Experimental","R3","25/08/2019","S8","(50.7630989, -1.9535866)",1,2,740,485,0,"N"
"594","38D",7,0,NA,"Experimental","R3","25/08/2019","S8","(50.7630989, -1.9535866)",1,2,740,485,0,"N"
"595","39C",1,0,NA,"Control","R2","12/08/2019","S2","(50.7669358, -1.9653498)",11,12,555,165,0,"N"
"596","39C",2,4,"Rodent","Control","R2","12/08/2019","S2","(50.7669358, -1.9653498)",11,12,555,165,0,"N"
"597","39C",3,3,"Rodent","Control","R2","12/08/2019","S2","(50.7669358, -1.9653498)",11,12,555,165,0,"N"
"598","39C",4,0,NA,"Control","R2","12/08/2019","S2","(50.7669358, -1.9653498)",11,12,555,165,0,"N"
"599","39C",5,3,"Rodent","Control","R2","12/08/2019","S2","(50.7669358, -1.9653498)",11,12,555,165,0,"N"
"600","39C",6,0,NA,"Control","R2","12/08/2019","S2","(50.7669358, -1.9653498)",11,12,555,165,0,"N"
"601","39C",7,0,NA,"Control","R2","12/08/2019","S2","(50.7669358, -1.9653498)",11,12,555,165,0,"N"
"602","39D",1,2,"Rodent","Experimental","R3","25/08/2019","S8","(50.7629339, -1.9531524)",1,17,755,480,0,"N"
"603","39D",2,0,NA,"Experimental","R3","25/08/2019","S8","(50.7629339, -1.9531524)",1,17,755,480,0,"N"
"604","39D",3,0,NA,"Experimental","R3","25/08/2019","S8","(50.7629339, -1.9531524)",1,17,755,480,0,"N"
"605","39D",4,1,"Unidentified","Experimental","R3","25/08/2019","S8","(50.7629339, -1.9531524)",1,17,755,480,0,"N"
"606","39D",5,0,NA,"Experimental","R3","25/08/2019","S8","(50.7629339, -1.9531524)",1,17,755,480,0,"N"
"607","39D",6,0,NA,"Experimental","R3","25/08/2019","S8","(50.7629339, -1.9531524)",1,17,755,480,0,"N"
"608","39D",7,0,NA,"Experimental","R3","25/08/2019","S8","(50.7629339, -1.9531524)",1,17,755,480,0,"N"
"611","3B",1,0,NA,"Control","R1","01/08/2019","S2","(50.7660805, -1.9609959)",3,31,745,39,0,"N"
"612","3B",2,0,NA,"Control","R1","01/08/2019","S2","(50.7660805, -1.9609959)",3,31,745,39,0,"N"
"613","3B",3,3,"Rodent","Control","R1","01/08/2019","S2","(50.7660805, -1.9609959)",3,31,745,39,0,"N"
"614","3B",4,0,NA,"Control","R1","01/08/2019","S2","(50.7660805, -1.9609959)",3,31,745,39,0,"N"
"615","3B",5,2,"Rodent","Control","R1","01/08/2019","S2","(50.7660805, -1.9609959)",3,31,745,39,0,"N"
"616","3B",6,0,NA,"Control","R1","01/08/2019","S2","(50.7660805, -1.9609959)",3,31,745,39,0,"N"
"617","3B",7,0,NA,"Control","R1","01/08/2019","S2","(50.7660805, -1.9609959)",3,31,745,39,0,"N"
"618","3C",1,0,NA,"Control","R2","12/08/2019","S3","(50.7594446, -1.9583740)",3,2,565,565,0,"N"
"619","3C",2,0,NA,"Control","R2","12/08/2019","S3","(50.7594446, -1.9583740)",3,2,565,565,0,"N"
"620","3C",3,2,"Rodent","Control","R2","12/08/2019","S3","(50.7594446, -1.9583740)",3,2,565,565,0,"N"
"621","3C",4,0,NA,"Control","R2","12/08/2019","S3","(50.7594446, -1.9583740)",3,2,565,565,0,"N"
"622","3C",5,0,NA,"Control","R2","12/08/2019","S3","(50.7594446, -1.9583740)",3,2,565,565,0,"N"
"623","3C",6,0,NA,"Control","R2","12/08/2019","S3","(50.7594446, -1.9583740)",3,2,565,565,0,"N"
"624","3C",7,0,NA,"Control","R2","12/08/2019","S3","(50.7594446, -1.9583740)",3,2,565,565,0,"N"
"625","3D",1,1,"Unidentified","Experimental","R3","25/08/2019","S6","(50.7583565, -1.9753571)",6,7,71,65,0,"N"
"626","3D",2,2,"Rodent","Experimental","R3","25/08/2019","S6","(50.7583565, -1.9753571)",6,7,71,65,0,"N"
"627","3D",3,0,NA,"Experimental","R3","25/08/2019","S6","(50.7583565, -1.9753571)",6,7,71,65,0,"N"
"628","3D",4,0,NA,"Experimental","R3","25/08/2019","S6","(50.7583565, -1.9753571)",6,7,71,65,0,"N"
"629","3D",5,0,NA,"Experimental","R3","25/08/2019","S6","(50.7583565, -1.9753571)",6,7,71,65,0,"N"
"630","3D",6,0,NA,"Experimental","R3","25/08/2019","S6","(50.7583565, -1.9753571)",6,7,71,65,0,"N"
"631","3D",7,0,NA,"Experimental","R3","25/08/2019","S6","(50.7583565, -1.9753571)",6,7,71,65,0,"N"
"632","40C",1,2,"Rodent","Control","R2","12/08/2019","S2","(50.7671656, -1.9655228)",17,11,530,155,0,"N"
"633","40C",2,0,NA,"Control","R2","12/08/2019","S2","(50.7671656, -1.9655228)",17,11,530,155,0,"N"
"634","40C",3,2,"Rodent","Control","R2","12/08/2019","S2","(50.7671656, -1.9655228)",17,11,530,155,0,"N"
"635","40C",4,2,"Rodent","Control","R2","12/08/2019","S2","(50.7671656, -1.9655228)",17,11,530,155,0,"N"
"636","40C",5,0,NA,"Control","R2","12/08/2019","S2","(50.7671656, -1.9655228)",17,11,530,155,0,"N"
"637","40C",6,0,NA,"Control","R2","12/08/2019","S2","(50.7671656, -1.9655228)",17,11,530,155,0,"N"
"638","40C",7,0,NA,"Control","R2","12/08/2019","S2","(50.7671656, -1.9655228)",17,11,530,155,0,"N"
"639","40D",1,0,NA,"Experimental","R3","25/08/2019","S8","(50.7631749, -1.9529680)",5,10,730,455,0,"N"
"640","40D",2,0,NA,"Experimental","R3","25/08/2019","S8","(50.7631749, -1.9529680)",5,10,730,455,0,"N"
"641","40D",3,1,"Unidentified","Experimental","R3","25/08/2019","S8","(50.7631749, -1.9529680)",5,10,730,455,0,"N"
"642","40D",4,0,NA,"Experimental","R3","25/08/2019","S8","(50.7631749, -1.9529680)",5,10,730,455,0,"N"
"643","40D",5,0,NA,"Experimental","R3","25/08/2019","S8","(50.7631749, -1.9529680)",5,10,730,455,0,"N"
"644","40D",6,0,NA,"Experimental","R3","25/08/2019","S8","(50.7631749, -1.9529680)",5,10,730,455,0,"N"
"645","40D",7,0,NA,"Experimental","R3","25/08/2019","S8","(50.7631749, -1.9529680)",5,10,730,455,0,"N"
"646","41D",1,0,NA,"Experimental","R3","25/08/2019","S9","(50.7605544, -1.9418851)",5,192,320,38,2,"N"
"647","41D",2,4,"Rodent","Experimental","R3","25/08/2019","S9","(50.7605544, -1.9418851)",5,192,320,38,2,"N"
"648","41D",3,0,NA,"Experimental","R3","25/08/2019","S9","(50.7605544, -1.9418851)",5,192,320,38,2,"N"
"649","41D",4,0,NA,"Experimental","R3","25/08/2019","S9","(50.7605544, -1.9418851)",5,192,320,38,2,"N"
"650","41D",5,0,NA,"Experimental","R3","25/08/2019","S9","(50.7605544, -1.9418851)",5,192,320,38,2,"N"
"651","41D",6,0,NA,"Experimental","R3","25/08/2019","S9","(50.7605544, -1.9418851)",5,192,320,38,2,"N"
"652","41D",7,0,NA,"Experimental","R3","25/08/2019","S9","(50.7605544, -1.9418851)",5,192,320,38,2,"N"
"653","42D",1,0,NA,"Control","R3","25/08/2019","S9","(50.7603387, -1.9414077)",10,235,282,34,0,"N"
"654","42D",2,4,"Rodent","Control","R3","25/08/2019","S9","(50.7603387, -1.9414077)",10,235,282,34,0,"N"
"655","42D",3,0,NA,"Control","R3","25/08/2019","S9","(50.7603387, -1.9414077)",10,235,282,34,0,"N"
"656","42D",4,0,NA,"Control","R3","25/08/2019","S9","(50.7603387, -1.9414077)",10,235,282,34,0,"N"
"657","42D",5,0,NA,"Control","R3","25/08/2019","S9","(50.7603387, -1.9414077)",10,235,282,34,0,"N"
"658","42D",6,0,NA,"Control","R3","25/08/2019","S9","(50.7603387, -1.9414077)",10,235,282,34,0,"N"
"659","42D",7,0,NA,"Control","R3","25/08/2019","S9","(50.7603387, -1.9414077)",10,235,282,34,0,"N"
"660","43D",1,2,"Unidentified","Control","R3","25/08/2019","S9","(50.7598571, -1.9410134)",14,235,215,35,0,"N"
"661","43D",2,0,NA,"Control","R3","25/08/2019","S9","(50.7598571, -1.9410134)",14,235,215,35,0,"N"
"662","43D",3,0,NA,"Control","R3","25/08/2019","S9","(50.7598571, -1.9410134)",14,235,215,35,0,"N"
"663","43D",4,0,NA,"Control","R3","25/08/2019","S9","(50.7598571, -1.9410134)",14,235,215,35,0,"N"
"664","43D",5,0,NA,"Control","R3","25/08/2019","S9","(50.7598571, -1.9410134)",14,235,215,35,0,"N"
"665","43D",6,0,NA,"Control","R3","25/08/2019","S9","(50.7598571, -1.9410134)",14,235,215,35,0,"N"
"666","43D",7,0,NA,"Control","R3","25/08/2019","S9","(50.7598571, -1.9410134)",14,235,215,35,0,"N"
"667","44D",1,0,NA,"Experimental","R3","25/08/2019","S9","(50.7594609, -1.9408287)",3,220,175,63,0,"N"
"668","44D",2,1,"Unidentified","Experimental","R3","25/08/2019","S9","(50.7594609, -1.9408287)",3,220,175,63,0,"N"
"669","44D",3,0,NA,"Experimental","R3","25/08/2019","S9","(50.7594609, -1.9408287)",3,220,175,63,0,"N"
"670","44D",4,1,"Unidentified","Experimental","R3","25/08/2019","S9","(50.7594609, -1.9408287)",3,220,175,63,0,"N"
"671","44D",5,0,NA,"Experimental","R3","25/08/2019","S9","(50.7594609, -1.9408287)",3,220,175,63,0,"N"
"672","44D",6,0,NA,"Experimental","R3","25/08/2019","S9","(50.7594609, -1.9408287)",3,220,175,63,0,"N"
"673","44D",7,0,NA,"Experimental","R3","25/08/2019","S9","(50.7594609, -1.9408287)",3,220,175,63,0,"N"
"674","45D",1,2,"Unidentified","Control","R3","25/08/2019","S9","(50.7590673, -1.9412119)",3,185,185,97,0,"N"
"675","45D",2,0,NA,"Control","R3","25/08/2019","S9","(50.7590673, -1.9412119)",3,185,185,97,0,"N"
"676","45D",3,0,NA,"Control","R3","25/08/2019","S9","(50.7590673, -1.9412119)",3,185,185,97,0,"N"
"677","45D",4,0,NA,"Control","R3","25/08/2019","S9","(50.7590673, -1.9412119)",3,185,185,97,0,"N"
"678","45D",5,3,"Rodent","Control","R3","25/08/2019","S9","(50.7590673, -1.9412119)",3,185,185,97,0,"N"
"679","45D",6,0,NA,"Control","R3","25/08/2019","S9","(50.7590673, -1.9412119)",3,185,185,97,0,"N"
"680","45D",7,0,NA,"Control","R3","25/08/2019","S9","(50.7590673, -1.9412119)",3,185,185,97,0,"N"
"681","46D",1,0,NA,"Control","R3","25/08/2019","S9","(50.7593381, -1.9422828)",3,130,265,140,0,"N"
"682","46D",2,1,"Unidentified","Control","R3","25/08/2019","S9","(50.7593381, -1.9422828)",3,130,265,140,0,"N"
"683","46D",3,0,NA,"Control","R3","25/08/2019","S9","(50.7593381, -1.9422828)",3,130,265,140,0,"N"
"684","46D",4,0,NA,"Control","R3","25/08/2019","S9","(50.7593381, -1.9422828)",3,130,265,140,0,"N"
"685","46D",5,0,NA,"Control","R3","25/08/2019","S9","(50.7593381, -1.9422828)",3,130,265,140,0,"N"
"686","46D",6,3,"Rodent","Control","R3","25/08/2019","S9","(50.7593381, -1.9422828)",3,130,265,140,0,"N"
"687","46D",7,0,NA,"Control","R3","25/08/2019","S9","(50.7593381, -1.9422828)",3,130,265,140,0,"N"
"688","47D",1,4,"Rodent","Control","R3","25/08/2019","S9","(50.7596344, -1.9423240)",2,140,280,130,0,"N"
"689","47D",2,0,NA,"Control","R3","25/08/2019","S9","(50.7596344, -1.9423240)",2,140,280,130,0,"N"
"690","47D",3,0,NA,"Control","R3","25/08/2019","S9","(50.7596344, -1.9423240)",2,140,280,130,0,"N"
"691","47D",4,0,NA,"Control","R3","25/08/2019","S9","(50.7596344, -1.9423240)",2,140,280,130,0,"N"
"692","47D",5,0,NA,"Control","R3","25/08/2019","S9","(50.7596344, -1.9423240)",2,140,280,130,0,"N"
"693","47D",6,0,NA,"Control","R3","25/08/2019","S9","(50.7596344, -1.9423240)",2,140,280,130,0,"N"
"694","47D",7,0,NA,"Control","R3","25/08/2019","S9","(50.7596344, -1.9423240)",2,140,280,130,0,"N"
"695","48D",1,0,NA,"Experimental","R3","25/08/2019","S9","(50.7594906, -1.9418959)",2,150,245,120,0,"N"
"696","48D",2,1,"Unidentified","Experimental","R3","25/08/2019","S9","(50.7594906, -1.9418959)",2,150,245,120,0,"N"
"697","48D",3,0,NA,"Experimental","R3","25/08/2019","S9","(50.7594906, -1.9418959)",2,150,245,120,0,"N"
"698","48D",4,3,"Rodent","Experimental","R3","25/08/2019","S9","(50.7594906, -1.9418959)",2,150,245,120,0,"N"
"699","48D",5,0,NA,"Experimental","R3","25/08/2019","S9","(50.7594906, -1.9418959)",2,150,245,120,0,"N"
"700","48D",6,0,NA,"Experimental","R3","25/08/2019","S9","(50.7594906, -1.9418959)",2,150,245,120,0,"N"
"701","48D",7,3,"Rodent","Experimental","R3","25/08/2019","S9","(50.7594906, -1.9418959)",2,150,245,120,0,"N"
"702","49D",1,1,"Unidentified","Experimental","R3","25/08/2019","S9","(50.7606787, -1.9435142)",6,87,411,117,1,"N"
"703","49D",2,0,NA,"Experimental","R3","25/08/2019","S9","(50.7606787, -1.9435142)",6,87,411,117,1,"N"
"704","49D",3,0,NA,"Experimental","R3","25/08/2019","S9","(50.7606787, -1.9435142)",6,87,411,117,1,"N"
"705","49D",4,0,NA,"Experimental","R3","25/08/2019","S9","(50.7606787, -1.9435142)",6,87,411,117,1,"N"
"706","49D",5,0,NA,"Experimental","R3","25/08/2019","S9","(50.7606787, -1.9435142)",6,87,411,117,1,"N"
"707","49D",6,0,NA,"Experimental","R3","25/08/2019","S9","(50.7606787, -1.9435142)",6,87,411,117,1,"N"
"708","49D",7,0,NA,"Experimental","R3","25/08/2019","S9","(50.7606787, -1.9435142)",6,87,411,117,1,"N"
"718","4B",1,0,NA,"Control","R1","01/08/2019","S2","(50.7658528, -1.9605204)",5,11,735,57,0,"N"
"719","4B",2,1,"Unidentified","Control","R1","01/08/2019","S2","(50.7658528, -1.9605204)",5,11,735,57,0,"N"
"720","4B",3,0,NA,"Control","R1","01/08/2019","S2","(50.7658528, -1.9605204)",5,11,735,57,0,"N"
"721","4B",4,0,NA,"Control","R1","01/08/2019","S2","(50.7658528, -1.9605204)",5,11,735,57,0,"N"
"722","4B",5,0,NA,"Control","R1","01/08/2019","S2","(50.7658528, -1.9605204)",5,11,735,57,0,"N"
"723","4B",6,0,NA,"Control","R1","01/08/2019","S2","(50.7658528, -1.9605204)",5,11,735,57,0,"N"
"724","4B",7,NA,"Large_Mammal/Bird","Control","R1","01/08/2019","S2","(50.7658528, -1.9605204)",5,11,735,57,0,"Y"
"725","4C",1,1,"Unidentified","Experimental","R2","12/08/2019","S3","(50.7594444, -1.9589725",2,0,530,530,0,"N"
"726","4C",2,4,"Rodent","Experimental","R2","12/08/2019","S3","(50.7594444, -1.9589725",2,0,530,530,0,"N"
"727","4C",3,0,NA,"Experimental","R2","12/08/2019","S3","(50.7594444, -1.9589725",2,0,530,530,0,"N"
"728","4C",4,0,NA,"Experimental","R2","12/08/2019","S3","(50.7594444, -1.9589725",2,0,530,530,0,"N"
"729","4C",5,0,NA,"Experimental","R2","12/08/2019","S3","(50.7594444, -1.9589725",2,0,530,530,0,"N"
"730","4C",6,0,NA,"Experimental","R2","12/08/2019","S3","(50.7594444, -1.9589725",2,0,530,530,0,"N"
"731","4C",7,2,"Rodent","Experimental","R2","12/08/2019","S3","(50.7594444, -1.9589725",2,0,530,530,0,"N"
"732","4D",1,0,NA,"Control","R3","25/08/2019","S6","(50.7586607, -1.9754808)",3,15,109,103,0,"N"
"733","4D",2,0,NA,"Control","R3","25/08/2019","S6","(50.7586607, -1.9754808)",3,15,109,103,0,"N"
"734","4D",3,0,NA,"Control","R3","25/08/2019","S6","(50.7586607, -1.9754808)",3,15,109,103,0,"N"
"735","4D",4,2,"Rodent","Control","R3","25/08/2019","S6","(50.7586607, -1.9754808)",3,15,109,103,0,"N"
"736","4D",5,0,NA,"Control","R3","25/08/2019","S6","(50.7586607, -1.9754808)",3,15,109,103,0,"N"
"737","4D",6,2,"Rodent","Control","R3","25/08/2019","S6","(50.7586607, -1.9754808)",3,15,109,103,0,"N"
"738","4D",7,0,NA,"Control","R3","25/08/2019","S6","(50.7586607, -1.9754808)",3,15,109,103,0,"N"
"739","50D",1,3,"Rodent","Experimental","R3","25/08/2019","S9","(50.7612339, -1.9443578)",15,6,495,122,0,"N"
"740","50D",2,0,NA,"Experimental","R3","25/08/2019","S9","(50.7612339, -1.9443578)",15,6,495,122,0,"N"
"741","50D",3,0,NA,"Experimental","R3","25/08/2019","S9","(50.7612339, -1.9443578)",15,6,495,122,0,"N"
"742","50D",4,0,NA,"Experimental","R3","25/08/2019","S9","(50.7612339, -1.9443578)",15,6,495,122,0,"N"
"743","50D",5,0,NA,"Experimental","R3","25/08/2019","S9","(50.7612339, -1.9443578)",15,6,495,122,0,"N"
"744","50D",6,0,NA,"Experimental","R3","25/08/2019","S9","(50.7612339, -1.9443578)",15,6,495,122,0,"N"
"745","50D",7,0,NA,"Experimental","R3","25/08/2019","S9","(50.7612339, -1.9443578)",15,6,495,122,0,"N"
"755","5B",1,0,NA,"Control","R1","01/08/2019","S2","(50.7656238, -1.9602559)",4,11,730,81,0,"N"
"756","5B",2,0,NA,"Control","R1","01/08/2019","S2","(50.7656238, -1.9602559)",4,11,730,81,0,"N"
"757","5B",3,2,"Rodent","Control","R1","01/08/2019","S2","(50.7656238, -1.9602559)",4,11,730,81,0,"N"
"758","5B",4,NA,"Large_Mammal/Bird","Control","R1","01/08/2019","S2","(50.7656238, -1.9602559)",4,11,730,81,0,"Y"
"759","5C",1,0,NA,"Control","R2","12/08/2019","S3","(50.7588626, -1.9582671)",2,3,515,515,0,"N"
"760","5C",2,0,NA,"Control","R2","12/08/2019","S3","(50.7588626, -1.9582671)",2,3,515,515,0,"N"
"761","5C",3,0,NA,"Control","R2","12/08/2019","S3","(50.7588626, -1.9582671)",2,3,515,515,0,"N"
"762","5C",4,2,"Rodent","Control","R2","12/08/2019","S3","(50.7588626, -1.9582671)",2,3,515,515,0,"N"
"763","5C",5,0,NA,"Control","R2","12/08/2019","S3","(50.7588626, -1.9582671)",2,3,515,515,0,"N"
"764","5C",6,0,NA,"Control","R2","12/08/2019","S3","(50.7588626, -1.9582671)",2,3,515,515,0,"N"
"765","5C",7,0,NA,"Control","R2","12/08/2019","S3","(50.7588626, -1.9582671)",2,3,515,515,0,"N"
"766","5D",1,0,NA,"Experimental","R3","25/08/2019","S6","(50.7588950, -1.9756038)",2,13,134,128,0,"N"
"767","5D",2,1,"Unidentified","Experimental","R3","25/08/2019","S6","(50.7588950, -1.9756038)",2,13,134,128,0,"N"
"768","5D",3,0,NA,"Experimental","R3","25/08/2019","S6","(50.7588950, -1.9756038)",2,13,134,128,0,"N"
"769","5D",4,0,NA,"Experimental","R3","25/08/2019","S6","(50.7588950, -1.9756038)",2,13,134,128,0,"N"
"770","5D",5,0,NA,"Experimental","R3","25/08/2019","S6","(50.7588950, -1.9756038)",2,13,134,128,0,"N"
"771","5D",6,1,"Unidentified","Experimental","R3","25/08/2019","S6","(50.7588950, -1.9756038)",2,13,134,128,0,"N"
"772","5D",7,0,NA,"Experimental","R3","25/08/2019","S6","(50.7588950, -1.9756038)",2,13,134,128,0,"N"
"782","6B",1,0,NA,"Control","R1","01/08/2019","S2","(50.7655650, -1.9598405)",3,9,725,94,0,"N"
"783","6B",2,3,"Rodent","Control","R1","01/08/2019","S2","(50.7655650, -1.9598405)",3,9,725,94,0,"N"
"784","6B",3,0,NA,"Control","R1","01/08/2019","S2","(50.7655650, -1.9598405)",3,9,725,94,0,"N"
"785","6B",4,0,NA,"Control","R1","01/08/2019","S2","(50.7655650, -1.9598405)",3,9,725,94,0,"N"
"786","6B",5,NA,"Large_Mammal/Bird","Control","R1","01/08/2019","S2","(50.7655650, -1.9598405)",3,9,725,94,0,"Y"
"787","6C",1,0,NA,"Experimental","R2","12/08/2019","S3","(50.7584357, -1.9577249)",1,8,500,475,0,"N"
"788","6C",2,0,NA,"Experimental","R2","12/08/2019","S3","(50.7584357, -1.9577249)",1,8,500,475,0,"N"
"789","6C",3,0,NA,"Experimental","R2","12/08/2019","S3","(50.7584357, -1.9577249)",1,8,500,475,0,"N"
"790","6C",4,2,"Rodent","Experimental","R2","12/08/2019","S3","(50.7584357, -1.9577249)",1,8,500,475,0,"N"
"791","6C",5,0,NA,"Experimental","R2","12/08/2019","S3","(50.7584357, -1.9577249)",1,8,500,475,0,"N"
"792","6C",6,0,NA,"Experimental","R2","12/08/2019","S3","(50.7584357, -1.9577249)",1,8,500,475,0,"N"
"793","6C",7,4,"Large Mammal","Experimental","R2","12/08/2019","S3","(50.7584357, -1.9577249)",1,8,500,475,0,"N"
"794","6D",1,0,NA,"Control","R3","25/08/2019","S6","(50.7592770, -1.9756277)",1,27,175,168,0,"N"
"795","6D",2,2,"Unidentified","Control","R3","25/08/2019","S6","(50.7592770, -1.9756277)",1,27,175,168,0,"N"
"796","6D",3,0,NA,"Control","R3","25/08/2019","S6","(50.7592770, -1.9756277)",1,27,175,168,0,"N"
"797","6D",4,0,NA,"Control","R3","25/08/2019","S6","(50.7592770, -1.9756277)",1,27,175,168,0,"N"
"798","6D",5,0,NA,"Control","R3","25/08/2019","S6","(50.7592770, -1.9756277)",1,27,175,168,0,"N"
"799","6D",6,0,NA,"Control","R3","25/08/2019","S6","(50.7592770, -1.9756277)",1,27,175,168,0,"N"
"800","6D",7,0,NA,"Control","R3","25/08/2019","S6","(50.7592770, -1.9756277)",1,27,175,168,0,"N"
"810","7B",1,0,NA,"Experimental","R1","01/08/2019","S2","(50.7653701, -1.9595193)",3,28,715,125,0,"N"
"811","7B",2,0,NA,"Experimental","R1","01/08/2019","S2","(50.7653701, -1.9595193)",3,28,715,125,0,"N"
"812","7B",3,NA,"Large_Mammal/Bird","Experimental","R1","01/08/2019","S2","(50.7653701, -1.9595193)",3,28,715,125,0,"Y"
"813","7C",1,0,NA,"Control","R2","12/08/2019","S3","(50.7582395, -1.9567248)",2,14,485,450,0,"N"
"814","7C",2,3,"Rodent","Control","R2","12/08/2019","S3","(50.7582395, -1.9567248)",2,14,485,450,0,"N"
"815","7C",3,0,NA,"Control","R2","12/08/2019","S3","(50.7582395, -1.9567248)",2,14,485,450,0,"N"
"816","7C",4,0,NA,"Control","R2","12/08/2019","S3","(50.7582395, -1.9567248)",2,14,485,450,0,"N"
"817","7C",5,0,NA,"Control","R2","12/08/2019","S3","(50.7582395, -1.9567248)",2,14,485,450,0,"N"
"818","7C",6,0,NA,"Control","R2","12/08/2019","S3","(50.7582395, -1.9567248)",2,14,485,450,0,"N"
"819","7C",7,0,NA,"Control","R2","12/08/2019","S3","(50.7582395, -1.9567248)",2,14,485,450,0,"N"
"820","7D",1,0,NA,"Experimental","R3","25/08/2019","S6","(50.7593228, -1.9761162)",2,5,150,135,1,"N"
"821","7D",2,0,NA,"Experimental","R3","25/08/2019","S6","(50.7593228, -1.9761162)",2,5,150,135,1,"N"
"822","7D",3,0,NA,"Experimental","R3","25/08/2019","S6","(50.7593228, -1.9761162)",2,5,150,135,1,"N"
"823","7D",4,0,NA,"Experimental","R3","25/08/2019","S6","(50.7593228, -1.9761162)",2,5,150,135,1,"N"
"824","7D",5,0,NA,"Experimental","R3","25/08/2019","S6","(50.7593228, -1.9761162)",2,5,150,135,1,"N"
"825","7D",6,0,NA,"Experimental","R3","25/08/2019","S6","(50.7593228, -1.9761162)",2,5,150,135,1,"N"
"826","7D",7,0,NA,"Experimental","R3","25/08/2019","S6","(50.7593228, -1.9761162)",2,5,150,135,1,"N"
"836","8B",1,0,NA,"Control","R1","01/08/2019","S2","(50.7654189, -1.9591894)",7,41,690,129,0,"N"
"837","8B",2,0,NA,"Control","R1","01/08/2019","S2","(50.7654189, -1.9591894)",7,41,690,129,0,"N"
"838","8B",3,NA,"Large_Mammal/Bird","Control","R1","01/08/2019","S2","(50.7654189, -1.9591894)",7,41,690,129,0,"Y"
"839","8C",1,2,"Rodent","Control","R2","12/08/2019","S3","(50.7578057, -1.9568529)",0,23,430,400,0,"N"
"840","8C",2,0,NA,"Control","R2","12/08/2019","S3","(50.7578057, -1.9568529)",0,23,430,400,0,"N"
"841","8C",3,0,NA,"Control","R2","12/08/2019","S3","(50.7578057, -1.9568529)",0,23,430,400,0,"N"
"842","8C",4,NA,"Large_Mammal/Bird","Control","R2","12/08/2019","S3","(50.7578057, -1.9568529)",0,23,430,400,0,"Y"
"843","8D",1,2,"Rodent","Experimental","R3","25/08/2019","S6","(50.7596624, -1.9765352)",0,21,169,155,0,"N"
"844","8D",2,0,NA,"Experimental","R3","25/08/2019","S6","(50.7596624, -1.9765352)",0,21,169,155,0,"N"
"845","8D",3,0,NA,"Experimental","R3","25/08/2019","S6","(50.7596624, -1.9765352)",0,21,169,155,0,"N"
"846","8D",4,0,NA,"Experimental","R3","25/08/2019","S6","(50.7596624, -1.9765352)",0,21,169,155,0,"N"
"847","8D",5,3,"Rodent","Experimental","R3","25/08/2019","S6","(50.7596624, -1.9765352)",0,21,169,155,0,"N"
"848","8D",6,3,"Rodent","Experimental","R3","25/08/2019","S6","(50.7596624, -1.9765352)",0,21,169,155,0,"N"
"849","8D",7,0,NA,"Experimental","R3","25/08/2019","S6","(50.7596624, -1.9765352)",0,21,169,155,0,"N"
"859","9B",1,3,"Rodent","Control","R1","01/08/2019","S2","(50.7656532, -1.9589286)",4,52,660,112,1,"N"
"860","9B",2,4,"Unidentified","Control","R1","01/08/2019","S2","(50.7656532, -1.9589286)",4,52,660,112,1,"N"
"861","9B",3,0,NA,"Control","R1","01/08/2019","S2","(50.7656532, -1.9589286)",4,52,660,112,1,"N"
"862","9B",4,0,NA,"Control","R1","01/08/2019","S2","(50.7656532, -1.9589286)",4,52,660,112,1,"N"
"863","9B",5,3,"Rodent","Control","R1","01/08/2019","S2","(50.7656532, -1.9589286)",4,52,660,112,1,"N"
"864","9B",6,0,NA,"Control","R1","01/08/2019","S2","(50.7656532, -1.9589286)",4,52,660,112,1,"N"
"865","9B",7,0,NA,"Control","R1","01/08/2019","S2","(50.7656532, -1.9589286)",4,52,660,112,1,"N"
"866","9C",1,0,NA,"Experimental","R2","12/08/2019","S3","(50.7587232, -1.9568975)",4,19,525,500,0,"N"
"867","9C",2,0,NA,"Experimental","R2","12/08/2019","S3","(50.7587232, -1.9568975)",4,19,525,500,0,"N"
"868","9C",3,0,NA,"Experimental","R2","12/08/2019","S3","(50.7587232, -1.9568975)",4,19,525,500,0,"N"
"869","9C",4,0,NA,"Experimental","R2","12/08/2019","S3","(50.7587232, -1.9568975)",4,19,525,500,0,"N"
"870","9C",5,2,"Rodent","Experimental","R2","12/08/2019","S3","(50.7587232, -1.9568975)",4,19,525,500,0,"N"
"871","9C",6,0,NA,"Experimental","R2","12/08/2019","S3","(50.7587232, -1.9568975)",4,19,525,500,0,"N"
"872","9C",7,0,NA,"Experimental","R2","12/08/2019","S3","(50.7587232, -1.9568975)",4,19,525,500,0,"N"
"873","9D",1,0,NA,"Control","R3","25/08/2019","S6","(50.7590815, -1.9765363)",1,23,112,99,0,"N"
"874","9D",2,2,"Rodent","Control","R3","25/08/2019","S6","(50.7590815, -1.9765363)",1,23,112,99,0,"N"
"875","9D",3,0,NA,"Control","R3","25/08/2019","S6","(50.7590815, -1.9765363)",1,23,112,99,0,"N"
"876","9D",4,3,"Rodent","Control","R3","25/08/2019","S6","(50.7590815, -1.9765363)",1,23,112,99,0,"N"
"877","9D",5,0,NA,"Control","R3","25/08/2019","S6","(50.7590815, -1.9765363)",1,23,112,99,0,"N"
"878","9D",6,0,NA,"Control","R3","25/08/2019","S6","(50.7590815, -1.9765363)",1,23,112,99,0,"N"
"879","9D",7,1,"Unidentified","Control","R3","25/08/2019","S6","(50.7590815, -1.9765363)",1,23,112,99,0,"N"
